﻿<?xml version="1.0" encoding="UTF-8"?>
<addon id="plugin.video.autosalontv"
version="1.0.0"
name="Autosalon"
provider-name="Sároš">
    <requires>
        <import addon="xbmc.python" version="3.0.0" />
        <import addon="script.module.requests" />
        <import addon="script.module.routing" />
        <import addon="script.module.beautifulsoup4" />
        <import addon="script.module.simplejson" />
    </requires>
    <extension point="xbmc.python.pluginsource" library="main.py">
        <provides>video</provides>
    </extension>
    <extension point="xbmc.addon.metadata">
        <summary lang="cs">Autosalon</summary>
        <description lang="cs">Archiv pořadů ze serveru AutosalonTV.cz a Autosalón.sk</description>
        <assets>
            <icon>icon.jpg</icon>
        </assets>
    </extension>
</addon>
