﻿<?xml version="1.0" encoding="UTF-8"?>
<addon id="context.webshare"
version="2.6.0"
name="Webshare"
provider-name="Sároš">
    <requires>
        <import addon="xbmc.python" version="3.0.0" />
        <import addon="script.module.requests" />
    </requires>
    <extension point="kodi.context.item">
        <menu id="kodi.core.main">
            <item library="default.py">
                <label>[COLOR lightskyblue]Webshare[/COLOR]</label>
                <visible>String.StartsWith(ListItem.path,plugin://plugin.video.stream-cinema/)+[String.IsEqual(ListItem.dbtype,episode)|String.IsEqual(ListItem.dbtype,movie)|Container.Content(movies)]</visible>
            </item>
        </menu>
    </extension>
	  <extension point="xbmc.addon.metadata">
        <summary lang="cs">Webshare</summary>
        <description lang="cs">Vyhledávání filmů a seriálů na serveru Webshare.cz</description>
        <assets>
            <icon>icon.jpg</icon>
        </assets>
    </extension>
</addon>
