<?xml version="1.0" encoding="UTF-8" standalone="yes"?>
<addon id="service.simple.http.server" name="Simple HTTP Server" version="1.3.1" provider-name="bones7456, Sároš">
    <requires>
        <import addon="xbmc.python" version="3.0.0"/>
        <import addon="script.module.requests" />
    </requires>
    <extension point="xbmc.service" library="service.py">
    </extension>
    <extension point="xbmc.addon.metadata">
        <summary lang="cs_CS">Simple HTTP Server</summary>
        <description lang="cs_CS">Jednoduchý HTTP server s nahráváním souborů</description>
        <platform>all</platform>
        <news>v1.3.0 (18.10.2022)
- optimalizace

v1.2.1 (31.10.2021)
- oprava chyb

v1.2.0 (29.10.2021)
- přidán Ngrok (ngrok je nástroj, který umožňuje vytvořit zabezpečený tunel z veřejné URL k lokálnímu serveru na vašem stroji. Můžete tak k vašemu localhostu přistupovat odkudkoliv)
- více na ngrok.com

v1.1.0 (17.10.2021)
- přidáno mimetypes text/plain pro soubory "py" a "log"

v1.0.0 (06.10.2021)
- první vydání
        </news>
        <assets>
		    	    <icon>icon.png</icon>
        </assets>
    </extension>
</addon>

