<addon id="script.tvgo.playlist" name="TV GO Playlist" provider-name="Sároš" version="1.16.2">
    <requires>
        <import addon="xbmc.python" version="3.0.0" />
        <import addon="script.module.requests" />
        <import addon="script.module.routing" />
        <import addon="script.module.m3u8" version="0.5.4+matrix.2" />
        <import addon="script.module.kodi-six" />
        <import addon="script.module.pychromecast" />
        <import addon="plugin.tvgo.sort.channels" />
    </requires>
    <extension point="xbmc.python.script" library="default.py"/>
    <extension point="xbmc.service" library="service.py"/>
    <extension point="kodi.context.item">
        <menu id="kodi.core.main">
            <item library="download.py">
                <label>Stáhnout pořad</label>
                <visible>Window.IsVisible(tvguide)+ListItem.IsPlayable|Window.IsVisible(pvrosdguide)+ListItem.IsPlayable</visible>
            </item>
            <item library="vlc.py">
                <label>Externí přehrávač</label>
                <visible>System.Platform.Android+Window.isActive(tvchannels)+!Window.IsVisible(pvrosdguide)+!Window.IsVisible(tvguide)|System.Platform.Android+Window.isActive(pvrosdchannels)</visible>
            </item>
            <item library="dlna.py">
                <label>DLNA</label>
                <visible>Window.isActive(tvchannels)+!Window.IsVisible(pvrosdguide)+!Window.IsVisible(tvguide)|Window.isActive(pvrosdchannels)</visible>
            </item>
            <item library="chromecast.py">
                <label>Chromecast</label>
                <visible>Window.isActive(tvchannels)+!Window.IsVisible(pvrosdguide)+!Window.IsVisible(tvguide)|Window.isActive(pvrosdchannels)</visible>
            </item>
        </menu>
    </extension>
    <extension point="xbmc.addon.metadata">
        <summary lang="cs_CS">Addon na vygenerování playlistu a EPG pro PVR IPTV Simple Clienta od poskytovatele T-Mobile TV GO/Magio GO</summary>
        <description lang="cs_CS">
- playlist pro externí přehrávač (přímé streamy)
- přehrávání live streamu pomocí externího přehrávače (pouze Android)
- archiv, timeshift
- loga kanálu v playlistu/EPG
- barevné žánry
- auto aktualizace
- stahování pořadů (pouze m3u8 streamy)
- DLNA, Chromecast (beta)
        </description>
        <news>v1.16.2 (14.10.2022)
- magio: v nastavení odebráno nepodporované zařízení
- skupiny kanálů: doplněny chybějící kanály
- opravena chyba v řazení kanálů pokud se přepnul účet (v TV GO Sort Channels nutné dát obnovit)
- optimalizace

v1.15.0 (13.10.2022)
- nově funkce obnovení tokenu
- optimalizace

v1.14.0 (12.10.2022)
- oprava chyb

v1.13.0 (02.08.2022)
- opraveno přehrávání archivu u Magio GO

v1.12.0 (13.06.2022)
- automatický časový posun

v1.11.0 (07.05.2022)
- při změně pořadí kanálů se aktualizuje pouze playlist
- drobná vylepšení

v1.10.2 (06.05.2022)
- drobné úpravy a opravy

v1.10.1 (05.05.2022)
- opravena chyba při restartování PVR klienta

v1.10.0 (03.05.2022)
- do paylistu přidán tag "tvg-chno" pro řazení kanálu podle čísla
- řazení kanálu pomocí addonu TV GO Sort Channels
- drobná vylepšení a opravy

v1.9.2 (07.03.2022)
- nově typ zařízení Mobil (Xiaomi Mi 11)

v1.9.0 (26.01.2022)
- u Magio GO opravená chyba o překročení limitu připojení

v1.8.3 (25.11.2021)
- opravena automatická aktualizace

v1.8.2 (13.11.2021)
- opraven časový posun u stahování pořadů

v1.8.1 (22.10.2021)
- EPG nyní na 10 dní a 7 dní zpětně
- oprava chyb

v1.8.0 (17.10.2021)
- v nastavení možné změnit service u živého vysílání (u Magio Go: LIVE = dash stream, TIMESHIFT = hls stream)

v1.7.2 (17.10.2021)
- opravy

v1.7.0 (16.10.2021)
- u živého vysílání změněno service na Timeshift, místo Live
- živé vysílání možné přehrát na jiném zařízení pomocí DLNA (beta)
- opravy, optimalizace

v1.6.0 (12.10.2021)
- název playlistu a EPG rozdělen na cz a sk
- automatické nastavení IPTV Simple Clienta
- stahování pořadu z archivu (pouze m3u8 streamy)
- Chromecast pro Live stream (beta)
- opravy a optimalizace

v1.4.2 (10.10.2021)
- opravy

v1.4.1 (10.10.2021)
- opravy v žánrech

v1.4.0 (10.10.2021)
- Inputstrem v playlistu pro externí přehrávač
- žánry pro Magio Go
- Eurosport 4K opraven název

v1.3.1 (08.10.2021)
- barevné žánry v EPG

v1.0.0 (02.10.2021)
- první vydání
        </news>
        <assets>
            <icon>icon.png</icon>
        </assets>
    </extension>
</addon>
