<window>
    <defaultcontrol>100</defaultcontrol>
    <coordinates>
        <system>1</system>
        <posx>0</posx>
        <posy>0</posy>
    </coordinates>
    <animation effect="fade" time="250">WindowClose</animation>
    <controls>
		     <control type="image" id="300">
			        <posx>0</posx>
			        <posy>0</posy>
			        <width>1920</width>
			        <height>1080</height>
			        <texture>bg.jpg</texture>
		     </control>
		     <control type="image" id="301">
            <description>Banner</description>
            <posx>0</posx>
            <posy>0</posy>
			        <width>1920</width>
			        <height>540</height>
			        <top>50%</top>
			        <texture>banner.jpg</texture>
			        <visible>true</visible>
		     </control>
		     <control type="image" id="302">
            <description>Loading</description>
			        <posx>0</posx>
			        <posy>0</posy>
			        <centerleft>50%</centerleft>
			        <centertop>75%</centertop>
			        <width>128</width>
			        <height>128</height>
			        <texture>loading.gif</texture>
		     </control>
		     <control type="image" id="303">
            <description>Logo</description>
			        <centerleft>50%</centerleft>
			        <centertop>40%</centertop>
			        <posx>0</posx>
			        <posy>0</posy>
			        <width>533</width>
			        <height>533</height>
			        <texture>logo.png</texture>
			        <visible>true</visible>
		     </control>
        <control type="image" id="304">
            <description>Album</description>
			        <posx>0</posx>
			        <posy>0</posy>
			        <centerleft>23%</centerleft>
			        <centertop>50%</centertop>
            <width>360</width>
            <height>360</height>
        </control>
        <control type="image" id="305">
            <description>Cover</description>
			        <posx>0</posx>
			        <posy>0</posy>
			        <centerleft>23%</centerleft>
			        <centertop>50%</centertop>
            <width>360</width>
            <height>360</height>
        </control>
        <control type="image" id="306">
            <description>Foto</description>
			        <posx>0</posx>
			        <posy>0</posy>
			        <centerright>18%</centerright>
			        <centertop>80%</centertop>
			        <width>40%</width>
			        <height>40%</height>
        </control>
        <control type="label" id="101">
            <description>Title</description>
            <posx>540</posx>
            <posy>250</posy>
            <width>710</width>
            <height>40</height>
            <font>font28_title</font>
            <textcolor>white</textcolor>
            <wrapmultiline>false</wrapmultiline>
        </control>
        <control type="label" id="102">
            <description>Artist</description>
            <posx>540</posx>
            <posy>296</posy>
            <width>710</width>
            <height>40</height>
            <font>font14</font>
            <textcolor>white</textcolor>
            <wrapmultiline>false</wrapmultiline>
        </control>
        <control type="label" id="103">
            <description>showName</description>
            <posx>540</posx>
            <posy>402</posy>
            <font>font24_title</font>
            <textcolor>grey</textcolor>
            <wrapmultiline>false</wrapmultiline>
        </control>
        <control type="label" id="104">
            <description>moderator</description>
            <posx>540</posx>
            <posy>442</posy>
            <width>710</width>
            <height>40</height>
            <font>font14</font>
            <textcolor>grey</textcolor>
        </control>
        <control type="label" id="105">
            <description>time</description>
            <right>5%</right>
            <top>5%</top>
            <font>font28_title</font>
            <textcolor>grey</textcolor>
            <align>right</align>
        </control>
        <control type="label" id="106">
            <description>date</description>
            <right>5%</right>
            <top>11%</top>
            <font>font13</font>
            <textcolor>grey</textcolor>
            <align>right</align>
        </control>
    </controls>
</window>
