<?xml version="1.0" encoding="UTF-8"?>
<addon id="repository.saros"
  version="1.2.0"
  name="Kodi Saros Addons"
  provider-name="Sároš">
  <extension point="xbmc.addon.repository"
    name="Repozitář doplňků">
    <dir minversion="18.9.0">
      <info compressed="false">https://raw.githubusercontent.com/Saros72/kodirepo/main/repo-19/addons.xml</info>
      <checksum>https://raw.githubusercontent.com/Saros72/kodirepo/main/repo-19/addons.xml.md5</checksum>
      <datadir zip="true">https://raw.githubusercontent.com/Saros72/kodirepo/main/repo-19/</datadir>
    </dir>
  </extension>
  <extension point="xbmc.addon.metadata">
    <summary>Kodi Saros Addons</summary>
    <description>Kodi Saros Addons</description>
    <platform>all</platform>
    <language>cs</language>
    <assets>
        <icon>icon.png</icon>
    </assets>
  </extension>
</addon>
