﻿<?xml version="1.0" encoding="UTF-8"?>
<addon id="plugin.video.nhlcaststreams"
version="0.4.0"
name="NHL CastStreams"
provider-name="Sároš">
  <requires>
    <import addon="xbmc.python" version="3.0.0" />
    <import addon="script.module.requests" version="2.22.0"/>
  </requires>
	<extension point="xbmc.python.pluginsource" library="main.py">
		<provides>video</provides>
	</extension>
	<extension point="xbmc.addon.metadata">
  <summary lang="cs">NHL CastStreams</summary>
  <description lang="cs">Video doplněk pro sledování NHL zápasů (živě, záznam)
* Vyplňte přihlašovací údaje, které získáte registrací na https://www.caststreams.com/app
* Pro zobrazení obsahu v HD kvalitě (živě) je potřeba zaplatit darovací poplatek</description>
  <assets>
    <icon>icon.jpg</icon>
  </assets>
</extension>
</addon>
