<?xml version="1.0" encoding="UTF-8"?>
<includes>
    <include name="HomeSubMenuFav1">
		<control type="image" id="901200">
			<width>35</width>
			<height>35</height>
			<texture border="0,0,0,3" flipx="true">HomeSubEnd.png</texture>
			<visible>!String.IsEqual(Container(90120).NumItems,0)</visible>
		</control>
		<control type="button" id="9901001">
			<include>ButtonHomeSubCommonValues</include>
			<label>$INFO[Skin.String(CustomFavourite2.Label)]</label>
			<onclick>$INFO[Skin.String(CustomFavourite2.Path)]</onclick>
		</control>
		<control type="button" id="9901002">
			<include>ButtonHomeSubCommonValues</include>
			<label>$INFO[Skin.String(CustomFavourite3.Label)]</label>
			<onclick>$INFO[Skin.String(CustomFavourite3.Path)]</onclick>
		</control>
		<control type="button" id="9901003">
			<include>ButtonHomeSubCommonValues</include>
			<label>$INFO[Skin.String(CustomFavourite4.Label)]</label>
			<onclick>$INFO[Skin.String(CustomFavourite4.Path)]</onclick>
		</control>
		<control type="button" id="9901004">
			<include>ButtonHomeSubCommonValues</include>
			<label>$INFO[Skin.String(CustomFavourite5.Label)]</label>
			<onclick>$INFO[Skin.String(CustomFavourite5.Path)]</onclick>
		</control>
		<control type="button" id="9901005">
			<include>ButtonHomeSubCommonValues</include>
			<label>$INFO[Skin.String(CustomFavourite6.Label)]</label>
			<onclick>$INFO[Skin.String(CustomFavourite6.Path)]</onclick>
		</control>
		<control type="image" id="901214">
			<width>35</width>
			<height>35</height>
			<texture border="0,0,0,3">HomeSubEnd.png</texture>
			<visible>!String.IsEqual(Container(90120).NumItems,0)</visible>
		</control>
	</include>
	<include name="HomeSubMenuFav2">
		<control type="image" id="901200">
			<width>35</width>
			<height>35</height>
			<texture border="0,0,0,3" flipx="true">HomeSubEnd.png</texture>
			<visible>!String.IsEqual(Container(90120).NumItems,0)</visible>
		</control>
	    <control type="button" id="9901006">
			<include>ButtonHomeSubCommonValues</include>
			<label>$INFO[Skin.String(CustomFavourite8.Label)]</label>
			<onclick>$INFO[Skin.String(CustomFavourite8.Path)]</onclick>
		</control>
		 <control type="button" id="9901007">
			<include>ButtonHomeSubCommonValues</include>
			<label>$INFO[Skin.String(CustomFavourite9.Label)]</label>
			<onclick>$INFO[Skin.String(CustomFavourite9.Path)]</onclick>
		</control>
		<control type="button" id="9901008">
			<include>ButtonHomeSubCommonValues</include>
			<label>$INFO[Skin.String(CustomFavourite10.Label)]</label>
			<onclick>$INFO[Skin.String(CustomFavourite10.Path)]</onclick>
		</control>
		<control type="button" id="9901009">
			<include>ButtonHomeSubCommonValues</include>
			<label>$INFO[Skin.String(CustomFavourite11.Label)]</label>
			<onclick>$INFO[Skin.String(CustomFavourite11.Path)]</onclick>
		</control>
		<control type="button" id="99010010">
			<include>ButtonHomeSubCommonValues</include>
			<label>$INFO[Skin.String(CustomFavourite12.Label)]</label>
			<onclick>$INFO[Skin.String(CustomFavourite12.Path)]</onclick>
		</control>
		<control type="image" id="901214">
			<width>35</width>
			<height>35</height>
			<texture border="0,0,0,3">HomeSubEnd.png</texture>
			<visible>!String.IsEqual(Container(90120).NumItems,0)</visible>
		</control>
	</include>
	<include name="HomeSubMenuFav3">
		<control type="image" id="901200">
			<width>35</width>
			<height>35</height>
			<texture border="0,0,0,3" flipx="true">HomeSubEnd.png</texture>
			<visible>!String.IsEqual(Container(90120).NumItems,0)</visible>
		</control>
		<control type="button" id="99010012">
			<include>ButtonHomeSubCommonValues</include>
			<label>$INFO[Skin.String(CustomFavourite14.Label)]</label>
			<onclick>$INFO[Skin.String(CustomFavourite14.Path)]</onclick>
		</control>
		<control type="button" id="99010013">
			<include>ButtonHomeSubCommonValues</include>
			<label>$INFO[Skin.String(CustomFavourite15.Label)]</label>
			<onclick>$INFO[Skin.String(CustomFavourite15.Path)]</onclick>
		</control>
			<control type="button" id="99010014">
			<include>ButtonHomeSubCommonValues</include>
			<label>$INFO[Skin.String(CustomFavourite16.Label)]</label>
			<onclick>$INFO[Skin.String(CustomFavourite16.Path)]</onclick>
		</control>
			<control type="button" id="99010015">
			<include>ButtonHomeSubCommonValues</include>
			<label>$INFO[Skin.String(CustomFavourite17.Label)]</label>
			<onclick>$INFO[Skin.String(CustomFavourite17.Path)]</onclick>
		</control>
		<control type="button" id="99010011">
			<include>ButtonHomeSubCommonValues</include>
			<label>$INFO[Skin.String(CustomFavourite18.Label)]</label>
			<onclick>$INFO[Skin.String(CustomFavourite18.Path)]</onclick>
		</control>
		<control type="image" id="901214">
			<width>35</width>
			<height>35</height>
			<texture border="0,0,0,3">HomeSubEnd.png</texture>
			<visible>!String.IsEqual(Container(90120).NumItems,0)</visible>
		</control>
	</include>
	
    <include name="HomeSubMenuPower">
		<control type="image" id="901200">
			<width>35</width>
			<height>35</height>
			<texture border="0,0,0,3" flipx="true">HomeSubEnd.png</texture>
			<visible>!String.IsEqual(Container(90120).NumItems,0)</visible>
		</control>
		<control type="button" id="99010">
			<include>ButtonHomeSubCommonValues</include>
			<label>Oblíbené</label>
			<onclick>ActivateWindow(Favourites)</onclick>
		</control>
		<control type="image" id="901214">
			<width>35</width>
			<height>35</height>
			<texture border="0,0,0,3">HomeSubEnd.png</texture>
			<visible>!String.IsEqual(Container(90120).NumItems,0)</visible>
		</control>
	</include>
	<include name="HomeSubMenuAddons">
		<control type="image" id="90301">
			<width>35</width>
			<height>35</height>
			<texture border="0,0,0,3" flipx="true">HomeSubEnd.png</texture>
		</control>
		<control type="button" id="90302">
			<include>ButtonHomeSubCommonValues</include>
			<label>24998</label>
			<onclick>ActivateWindow(addonbrowser,addons://user,return)</onclick>
		</control>
		<control type="button" id="90303">
			<include>ButtonHomeSubCommonValues</include>
			<label>24033</label>
			<onclick>ActivateWindow(addonbrowser,addons://repos/,return)</onclick>
		</control>
		<control type="button" id="90304">
			<include>ButtonHomeSubCommonValues</include>
			<label>Instalovat ze zip</label>
			<onclick>InstallFromZip</onclick>
		</control>
		<control type="button" id="90305">
			<include>ButtonHomeSubCommonValues</include>
			<label>137</label>
			<onclick>ActivateWindow(addonbrowser,addons://search,return)</onclick>
		</control>
		<control type="image" id="90306">
			<width>35</width>
			<height>35</height>
			<texture border="0,0,0,3">HomeSubEnd.png</texture>
		</control>
	</include>
	<include name="HomeSubMenuVideos">
		<control type="image" id="90101">
			<width>35</width>
			<height>35</height>
			<texture border="0,0,0,3" flipx="true">HomeSubEnd.png</texture>
		</control>
		<control type="button" id="90102">
			<include>ButtonHomeSubCommonValues</include>
			<label>342</label>
			<onclick>ActivateWindow(Videos,MovieTitles,return)</onclick>
			<visible>Library.HasContent(Movies) + Skin.HasSetting(HomeMenuNoMovieButton)</visible>
		</control>
		<control type="button" id="90103">
			<include>ButtonHomeSubCommonValues</include>
			<label>20343</label>
			<onclick>ActivateWindow(Videos,TvShowTitles,return)</onclick>
			<visible>Library.HasContent(TVShows) + Skin.HasSetting(HomeMenuNoTVShowButton)</visible>
		</control>
		<control type="button" id="90104">
			<include>ButtonHomeSubCommonValues</include>
			<label>20389</label>
			<onclick>ActivateWindow(Videos,MusicVideoTitles,return)</onclick>
			<visible>Library.HasContent(MusicVideos)</visible>
		</control>
		<control type="button" id="90105">
			<include>ButtonHomeSubCommonValues</include>
			<label>744</label>
			<onclick>ActivateWindow(Videos,Files,return)</onclick>
		</control>
		<control type="button" id="90106">
			<include>ButtonHomeSubCommonValues</include>
			<label>14022</label>
			<onclick>ActivateWindow(Videos,Root)</onclick>
			<visible>Library.HasContent(Video)</visible>
		</control>
		<control type="button" id="90107">
			<include>ButtonHomeSubCommonValues</include>
			<label>24001</label>
			<onclick>ActivateWindow(Videos,Addons,return)</onclick>
		</control>
		<control type="image" id="90108">
			<width>35</width>
			<height>35</height>
			<texture border="0,0,0,3">HomeSubEnd.png</texture>
		</control>
	</include>
	<include name="HomeSubMenuMovies">
		<control type="image" id="90161">
			<width>35</width>
			<height>35</height>
			<texture border="0,0,0,3" flipx="true">HomeSubEnd.png</texture>
		</control>
		<control type="button" id="90162">
			<include>ButtonHomeSubCommonValues</include>
			<label>$INFO[Container(90160).ListItemNoWrap(0).Label]</label>
			<onclick>ActivateWindow(Videos,$INFO[Container(90160).ListItemNoWrap(0).FileNameAndPath],return)</onclick>
		</control>
		<control type="button" id="90163">
			<include>ButtonHomeSubCommonValues</include>
			<label>$INFO[Container(90160).ListItemNoWrap(1).Label]</label>
			<onclick>ActivateWindow(Videos,$INFO[Container(90160).ListItemNoWrap(1).FileNameAndPath],return)</onclick>
			<visible>!String.IsEmpty(Container(90160).ListItemNoWrap(1).Label)</visible>
		</control>
		<control type="button" id="90164">
			<include>ButtonHomeSubCommonValues</include>
			<label>$INFO[Container(90160).ListItemNoWrap(2).Label]</label>
			<onclick>ActivateWindow(Videos,$INFO[Container(90160).ListItemNoWrap(2).FileNameAndPath],return)</onclick>
			<visible>!String.IsEmpty(Container(90160).ListItemNoWrap(2).Label)</visible>
		</control>
		<control type="button" id="90165">
			<include>ButtonHomeSubCommonValues</include>
			<label>$INFO[Container(90160).ListItemNoWrap(3).Label]</label>
			<onclick>ActivateWindow(Videos,$INFO[Container(90160).ListItemNoWrap(3).FileNameAndPath],return)</onclick>
			<visible>!String.IsEmpty(Container(90160).ListItemNoWrap(3).Label)</visible>
		</control>
		<control type="button" id="90166">
			<include>ButtonHomeSubCommonValues</include>
			<label>$INFO[Container(90160).ListItemNoWrap(4).Label]</label>
			<onclick>ActivateWindow(Videos,$INFO[Container(90160).ListItemNoWrap(4).FileNameAndPath],return)</onclick>
			<visible>!String.IsEmpty(Container(90160).ListItemNoWrap(4).Label)</visible>
		</control>
		<control type="button" id="90167">
			<include>ButtonHomeSubCommonValues</include>
			<label>$INFO[Container(90160).ListItemNoWrap(5).Label]</label>
			<onclick>ActivateWindow(Videos,$INFO[Container(90160).ListItemNoWrap(5).FileNameAndPath],return)</onclick>
			<visible>!String.IsEmpty(Container(90160).ListItemNoWrap(5).Label)</visible>
		</control>
		<control type="image" id="90168">
			<width>35</width>
			<height>35</height>
			<texture border="0,0,0,3">HomeSubEnd.png</texture>
		</control>
	</include>
	<include name="HomeSubMenuTVShows">
		<control type="image" id="90171">
			<width>35</width>
			<height>35</height>
			<texture border="0,0,0,3" flipx="true">HomeSubEnd.png</texture>
		</control>
		<control type="button" id="90172">
			<include>ButtonHomeSubCommonValues</include>
			<label>$INFO[Container(90170).ListItemNoWrap(0).Label]</label>
			<onclick>ActivateWindow(Videos,$INFO[Container(90170).ListItemNoWrap(0).FileNameAndPath],return)</onclick>
		</control>
		<control type="button" id="90173">
			<include>ButtonHomeSubCommonValues</include>
			<label>$INFO[Container(90170).ListItemNoWrap(1).Label]</label>
			<onclick>ActivateWindow(Videos,$INFO[Container(90170).ListItemNoWrap(1).FileNameAndPath],return)</onclick>
			<visible>!String.IsEmpty(Container(90170).ListItemNoWrap(1).Label)</visible>
		</control>
		<control type="button" id="90174">
			<include>ButtonHomeSubCommonValues</include>
			<label>$INFO[Container(90170).ListItemNoWrap(2).Label]</label>
			<onclick>ActivateWindow(Videos,$INFO[Container(90170).ListItemNoWrap(2).FileNameAndPath],return)</onclick>
			<visible>!String.IsEmpty(Container(90170).ListItemNoWrap(2).Label)</visible>
		</control>
		<control type="button" id="90175">
			<include>ButtonHomeSubCommonValues</include>
			<label>$INFO[Container(90170).ListItemNoWrap(3).Label]</label>
			<onclick>ActivateWindow(Videos,$INFO[Container(90170).ListItemNoWrap(3).FileNameAndPath],return)</onclick>
			<visible>!String.IsEmpty(Container(90170).ListItemNoWrap(3).Label)</visible>
		</control>
		<control type="button" id="90176">
			<include>ButtonHomeSubCommonValues</include>
			<label>$INFO[Container(90170).ListItemNoWrap(4).Label]</label>
			<onclick>ActivateWindow(Videos,$INFO[Container(90170).ListItemNoWrap(4).FileNameAndPath],return)</onclick>
			<visible>!String.IsEmpty(Container(90170).ListItemNoWrap(4).Label)</visible>
		</control>
		<control type="button" id="90177">
			<include>ButtonHomeSubCommonValues</include>
			<label>$INFO[Container(90170).ListItemNoWrap(5).Label]</label>
			<onclick>ActivateWindow(Videos,$INFO[Container(90170).ListItemNoWrap(5).FileNameAndPath],return)</onclick>
			<visible>!String.IsEmpty(Container(90170).ListItemNoWrap(5).Label)</visible>
		</control>
		<control type="image" id="90178">
			<width>35</width>
			<height>35</height>
			<texture border="0,0,0,3">HomeSubEnd.png</texture>
		</control>
	</include>
	<include name="HomeSubMenuMusic">
		<control type="image" id="90111">
			<width>35</width>
			<height>35</height>
			<texture border="0,0,0,3" flipx="true">HomeSubEnd.png</texture>
		</control>
		<control type="button" id="90112">
			<include>ButtonHomeSubCommonValues</include>
			<label>$INFO[Container(90110).ListItemNoWrap(0).Label]</label>
			<onclick>ActivateWindow(Music,$INFO[Container(90110).ListItemNoWrap(0).FileNameAndPath],return)</onclick>
		</control>
		<control type="button" id="90113">
			<include>ButtonHomeSubCommonValues</include>
			<label>$INFO[Container(90110).ListItemNoWrap(1).Label]</label>
			<onclick>ActivateWindow(Music,$INFO[Container(90110).ListItemNoWrap(1).FileNameAndPath],return)</onclick>
			<visible>!String.IsEmpty(Container(90110).ListItemNoWrap(1).Label)</visible>
		</control>
		<control type="button" id="90114">
			<include>ButtonHomeSubCommonValues</include>
			<label>$INFO[Container(90110).ListItemNoWrap(2).Label]</label>
			<onclick>ActivateWindow(Music,$INFO[Container(90110).ListItemNoWrap(2).FileNameAndPath],return)</onclick>
			<visible>!String.IsEmpty(Container(90110).ListItemNoWrap(2).Label)</visible>
		</control>
		<control type="button" id="90115">
			<include>ButtonHomeSubCommonValues</include>
			<label>$INFO[Container(90110).ListItemNoWrap(3).Label]</label>
			<onclick>ActivateWindow(Music,$INFO[Container(90110).ListItemNoWrap(3).FileNameAndPath],return)</onclick>
			<visible>!String.IsEmpty(Container(90110).ListItemNoWrap(3).Label)</visible>
		</control>
		<control type="button" id="90116">
			<include>ButtonHomeSubCommonValues</include>
			<label>$INFO[Container(90110).ListItemNoWrap(4).Label]</label>
			<onclick>ActivateWindow(Music,$INFO[Container(90110).ListItemNoWrap(4).FileNameAndPath],return)</onclick>
			<visible>!String.IsEmpty(Container(90110).ListItemNoWrap(4).Label)</visible>
		</control>
		<control type="button" id="90117">
			<include>ButtonHomeSubCommonValues</include>
			<label>$INFO[Container(90110).ListItemNoWrap(5).Label]</label>
			<onclick>ActivateWindow(Music,$INFO[Container(90110).ListItemNoWrap(5).FileNameAndPath],return)</onclick>
			<visible>!String.IsEmpty(Container(90110).ListItemNoWrap(5).Label)</visible>
		</control>
		<control type="image" id="90119">
			<width>35</width>
			<height>35</height>
			<texture border="0,0,0,3">HomeSubEnd.png</texture>
		</control>
	</include>
	<include name="HomeSubMenuSystem">
		<control type="image" id="90121">
			<width>35</width>
			<height>35</height>
			<texture border="0,0,0,3" flipx="true">HomeSubEnd.png</texture>
		</control>
		<control type="button" id="90122">
			<include>ButtonHomeSubCommonValues</include>
			<label>Nastavení vzhledu</label>
			<onclick>ActivateWindow(SkinSettings)</onclick>
		</control>
		<control type="button" id="90123">
			<include>ButtonHomeSubCommonValues</include>
			<label>7</label>
			<onclick>ActivateWindow(FileManager)</onclick>
		</control>
		<control type="button" id="90124">
			<include>ButtonHomeSubCommonValues</include>
			<label>13200</label>
			<onclick>ActivateWindow(Profiles)</onclick>
		</control>
		<control type="button" id="90125">
			<include>ButtonHomeSubCommonValues</include>
			<label>130</label>
			<onclick>ActivateWindow(SystemInfo)</onclick>
		</control>
		<control type="button" id="90126">
			<include>ButtonHomeSubCommonValues</include>
			<label>14111</label>
			<onclick>ActivateWindow(EventLog,events://,return)</onclick>
			<visible>system.getbool(eventlog.enabled)</visible>
		</control>
		<control type="image" id="90127">
			<width>35</width>
			<height>35</height>
			<texture border="0,0,0,3">HomeSubEnd.png</texture>
		</control>
	</include>
	<include name="HomeSubMenuPlayDisc">
		<control type="image" id="90131">
			<width>35</width>
			<height>35</height>
			<texture border="0,0,0,3" flipx="true">HomeSubEnd.png</texture>
		</control>
		<control type="button" id="90132">
			<include>ButtonHomeSubCommonValues</include>
			<label>13391</label>
			<onclick>SetFocus(9000)</onclick>
			<onclick>EjectTray()</onclick>
		</control>
		<control type="image" id="90133">
			<width>35</width>
			<height>35</height>
			<texture border="0,0,0,3">HomeSubEnd.png</texture>
		</control>
	</include>
	<include name="HomeSubMenuPictures">
		<control type="image" id="90147">
			<width>35</width>
			<height>35</height>
			<texture border="0,0,0,3" flipx="true">HomeSubEnd.png</texture>
		</control>
		<control type="button" id="90148">
			<include>ButtonHomeSubCommonValues</include>
			<label>24001</label>
			<onclick>ActivateWindow(Pictures,Addons,return)</onclick>
		</control>
		<control type="image" id="90149">
			<width>35</width>
			<height>35</height>
			<texture border="0,0,0,3">HomeSubEnd.png</texture>
		</control>
	</include>
	<include name="HomeSubMenuTV">
		<control type="image" id="90141">
			<width>35</width>
			<height>35</height>
			<texture border="0,0,0,3" flipx="true">HomeSubEnd.png</texture>
		</control>
		<control type="button" id="90143">
			<include>ButtonHomeSubCommonValues</include>
			<label>19019</label>
			<onclick>ActivateWindow(TVChannels)</onclick>
		</control>
		<control type="button" id="90144">
			<include>ButtonHomeSubCommonValues</include>
			<label>22020</label>
			<onclick>ActivateWindow(TVGuide)</onclick>
		</control>
		<control type="button" id="90145">
			<include>ButtonHomeSubCommonValues</include>
			<label>19163</label>
			<onclick>ActivateWindow(TVRecordings)</onclick>
		</control>
		<control type="button" id="90146">
			<include>ButtonHomeSubCommonValues</include>
			<label>19138</label>
			<onclick>ActivateWindow(TVTimerRules)</onclick>
		</control>
		<control type="button" id="90147">
			<include>ButtonHomeSubCommonValues</include>
			<label>19040</label>
			<onclick>ActivateWindow(TVTimers)</onclick>
		</control>
		<control type="button" id="90148">
			<include>ButtonHomeSubCommonValues</include>
			<label>137</label>
			<onclick>ActivateWindow(TVSearch)</onclick>
		</control>
		<control type="image" id="90149">
			<width>35</width>
			<height>35</height>
			<texture border="0,0,0,3">HomeSubEnd.png</texture>
		</control>
	</include>
	<include name="HomeSubMenuRadio">
		<control type="image" id="90141">
			<width>35</width>
			<height>35</height>
			<texture border="0,0,0,3" flipx="true">HomeSubEnd.png</texture>
		</control>
		<control type="button" id="90243">
			<include>ButtonHomeSubCommonValues</include>
			<label>19019</label>
			<onclick>ActivateWindow(RadioChannels)</onclick>
		</control>
		<control type="button" id="90244">
			<include>ButtonHomeSubCommonValues</include>
			<label>22020</label>
			<onclick>ActivateWindow(RadioGuide)</onclick>
		</control>
		<control type="button" id="90245">
			<include>ButtonHomeSubCommonValues</include>
			<label>19163</label>
			<onclick>ActivateWindow(RadioRecordings)</onclick>
		</control>
		<control type="button" id="90246">
			<include>ButtonHomeSubCommonValues</include>
			<label>19138</label>
			<onclick>ActivateWindow(RadioTimerRules)</onclick>
		</control>
		<control type="button" id="90247">
			<include>ButtonHomeSubCommonValues</include>
			<label>19040</label>
			<onclick>ActivateWindow(RadioTimers)</onclick>
		</control>
		<control type="button" id="90248">
			<include>ButtonHomeSubCommonValues</include>
			<label>137</label>
			<onclick>ActivateWindow(RadioSearch)</onclick>
		</control>
		<control type="image" id="90249">
			<width>35</width>
			<height>35</height>
			<texture border="0,0,0,3">HomeSubEnd.png</texture>
		</control>
	</include>
	<include name="HomeAddonItemsWeather">
		<item>
			<label>$INFO[system.addontitle(Skin.String(HomeWeatherButton1))]</label>
			<onclick>InstallAddon($INFO[Skin.String(HomeWeatherButton1)])</onclick>
			<onclick>RunAddon($INFO[Skin.String(HomeWeatherButton1)])</onclick>
			<thumb>$INFO[system.addonicon(Skin.String(HomeWeatherButton1))]</thumb>
			<icon>DefaultAddonsUpdates.png</icon>
			<visible>!String.IsEmpty(Skin.String(HomeWeatherButton1))</visible>
		</item>
		<item>
			<label>$INFO[system.addontitle(Skin.String(HomeWeatherButton2))]</label>
			<onclick>InstallAddon($INFO[Skin.String(HomeWeatherButton2)])</onclick>
			<onclick>RunAddon($INFO[Skin.String(HomeWeatherButton2)])</onclick>
			<thumb>$INFO[system.addonicon(Skin.String(HomeWeatherButton2))]</thumb>
			<icon>DefaultAddonsUpdates.png</icon>
			<visible>!String.IsEmpty(Skin.String(HomeWeatherButton2))</visible>
		</item>
		<item>
			<label>$INFO[system.addontitle(Skin.String(HomeWeatherButton3))]</label>
			<onclick>InstallAddon($INFO[Skin.String(HomeWeatherButton3)])</onclick>
			<onclick>RunAddon($INFO[Skin.String(HomeWeatherButton3)])</onclick>
			<thumb>$INFO[system.addonicon(Skin.String(HomeWeatherButton3))]</thumb>
			<icon>DefaultAddonsUpdates.png</icon>
			<visible>!String.IsEmpty(Skin.String(HomeWeatherButton3))</visible>
		</item>
		<item>
			<label>$INFO[system.addontitle(Skin.String(HomeWeatherButton4))]</label>
			<onclick>InstallAddon($INFO[Skin.String(HomeWeatherButton4)])</onclick>
			<onclick>RunAddon($INFO[Skin.String(HomeWeatherButton4)])</onclick>
			<thumb>$INFO[system.addonicon(Skin.String(HomeWeatherButton4))]</thumb>
			<icon>DefaultAddonsUpdates.png</icon>
			<visible>!String.IsEmpty(Skin.String(HomeWeatherButton4))</visible>
		</item>
		<item>
			<label>$INFO[system.addontitle(Skin.String(HomeWeatherButton5))]</label>
			<onclick>InstallAddon($INFO[Skin.String(HomeWeatherButton5)])</onclick>
			<onclick>RunAddon($INFO[Skin.String(HomeWeatherButton5)])</onclick>
			<thumb>$INFO[system.addonicon(Skin.String(HomeWeatherButton5))]</thumb>
			<icon>DefaultAddonsUpdates.png</icon>
			<visible>!String.IsEmpty(Skin.String(HomeWeatherButton5))</visible>
		</item>
	</include>
	<include name="HomeAddonItemsPictures">
		<item>
			<label>$INFO[system.addontitle(Skin.String(HomePictureButton1))]</label>
			<onclick>RunAddon($INFO[Skin.String(HomePictureButton1)])</onclick>
			<icon>$INFO[system.addonicon(Skin.String(HomePictureButton1))]</icon>
			<thumb/>
			<visible>!String.IsEmpty(Skin.String(HomePictureButton1))</visible>
		</item>
		<item>
			<label>$INFO[system.addontitle(Skin.String(HomePictureButton2))]</label>
			<onclick>RunAddon($INFO[Skin.String(HomePictureButton2)])</onclick>
			<icon>$INFO[system.addonicon(Skin.String(HomePictureButton2))]</icon>
			<thumb/>
			<visible>!String.IsEmpty(Skin.String(HomePictureButton2))</visible>
		</item>
		<item>
			<label>$INFO[system.addontitle(Skin.String(HomePictureButton3))]</label>
			<onclick>RunAddon($INFO[Skin.String(HomePictureButton3)])</onclick>
			<icon>$INFO[system.addonicon(Skin.String(HomePictureButton3))]</icon>
			<thumb/>
			<visible>!String.IsEmpty(Skin.String(HomePictureButton3))</visible>
		</item>
		<item>
			<label>$INFO[system.addontitle(Skin.String(HomePictureButton4))]</label>
			<onclick>RunAddon($INFO[Skin.String(HomePictureButton4)])</onclick>
			<icon>$INFO[system.addonicon(Skin.String(HomePictureButton4))]</icon>
			<thumb/>
			<visible>!String.IsEmpty(Skin.String(HomePictureButton4))</visible>
		</item>
		<item>
			<label>$INFO[system.addontitle(Skin.String(HomePictureButton5))]</label>
			<onclick>RunAddon($INFO[Skin.String(HomePictureButton5)])</onclick>
			<icon>$INFO[system.addonicon(Skin.String(HomePictureButton5))]</icon>
			<thumb/>
			<visible>!String.IsEmpty(Skin.String(HomePictureButton5))</visible>
		</item>
	</include>
	<include name="HomeAddonItemsRadio">
		<item>
			<label>$INFO[system.addontitle(Skin.String(HomeRadioButton1))]</label>
			<onclick>InstallAddon($INFO[Skin.String(HomeRadioButton1)])</onclick>
			<onclick>RunAddon($INFO[Skin.String(HomeRadioButton1)])</onclick>
			<thumb>$INFO[system.addonicon(Skin.String(HomeRadioButton1))]</thumb>
			<icon>DefaultAddonsUpdates.png</icon>
			<visible>!String.IsEmpty(Skin.String(HomeRadioButton1))</visible>
		</item>
		<item>
			<label>$INFO[system.addontitle(Skin.String(HomeRadioButton2))]</label>
			<onclick>InstallAddon($INFO[Skin.String(HomeRadioButton2)])</onclick>
			<onclick>RunAddon($INFO[Skin.String(HomeRadioButton2)])</onclick>
			<thumb>$INFO[system.addonicon(Skin.String(HomeRadioButton2))]</thumb>
			<icon>DefaultAddonsUpdates.png</icon>
			<visible>!String.IsEmpty(Skin.String(HomeRadioButton2))</visible>
		</item>
		<item>
			<label>$INFO[system.addontitle(Skin.String(HomeRadioButton3))]</label>
			<onclick>InstallAddon($INFO[Skin.String(HomeRadioButton3)])</onclick>
			<onclick>RunAddon($INFO[Skin.String(HomeRadioButton3)])</onclick>
			<thumb>$INFO[system.addonicon(Skin.String(HomeRadioButton3))]</thumb>
			<icon>DefaultAddonsUpdates.png</icon>
			<visible>!String.IsEmpty(Skin.String(HomeRadioButton3))</visible>
		</item>
		<item>
			<label>$INFO[system.addontitle(Skin.String(HomeRadioButton4))]</label>
			<onclick>InstallAddon($INFO[Skin.String(HomeRadioButton4)])</onclick>
			<onclick>RunAddon($INFO[Skin.String(HomeRadioButton4)])</onclick>
			<thumb>$INFO[system.addonicon(Skin.String(HomeRadioButton4))]</thumb>
			<icon>DefaultAddonsUpdates.png</icon>
			<visible>!String.IsEmpty(Skin.String(HomeRadioButton4))</visible>
		</item>
		<item>
			<label>$INFO[system.addontitle(Skin.String(HomeRadioButton5))]</label>
			<onclick>InstallAddon($INFO[Skin.String(HomeRadioButton5)])</onclick>
			<onclick>RunAddon($INFO[Skin.String(HomeRadioButton5)])</onclick>
			<thumb>$INFO[system.addonicon(Skin.String(HomeRadioButton5))]</thumb>
			<icon>DefaultAddonsUpdates.png</icon>
			<visible>!String.IsEmpty(Skin.String(HomeRadioButton5))</visible>
		</item>
		<item>
			<label>$INFO[system.addontitle(Skin.String(HomeRadioButton6))]</label>
			<onclick>InstallAddon($INFO[Skin.String(HomeRadioButton6)])</onclick>
			<onclick>RunAddon($INFO[Skin.String(HomeRadioButton6)])</onclick>
			<thumb>$INFO[system.addonicon(Skin.String(HomeRadioButton6))]</thumb>
			<icon>DefaultAddonsUpdates.png</icon>
			<visible>!String.IsEmpty(Skin.String(HomeRadioButton6))</visible>
		</item>
		<item>
			<label>$INFO[system.addontitle(Skin.String(HomeRadioButton7))]</label>
			<onclick>InstallAddon($INFO[Skin.String(HomeRadioButton7)])</onclick>
			<onclick>RunAddon($INFO[Skin.String(HomeRadioButton7)])</onclick>
			<thumb>$INFO[system.addonicon(Skin.String(HomeRadioButton7))]</thumb>
			<icon>DefaultAddonsUpdates.png</icon>
			<visible>!String.IsEmpty(Skin.String(HomeRadioButton7))</visible>
		</item>
		<item>
			<label>$INFO[system.addontitle(Skin.String(HomeRadioButton8))]</label>
			<onclick>InstallAddon($INFO[Skin.String(HomeRadioButton8)])</onclick>
			<onclick>RunAddon($INFO[Skin.String(HomeRadioButton8)])</onclick>
			<thumb>$INFO[system.addonicon(Skin.String(HomeRadioButton8))]</thumb>
			<icon>DefaultAddonsUpdates.png</icon>
			<visible>!String.IsEmpty(Skin.String(HomeRadioButton8))</visible>
		</item>
		<item>
			<label>$INFO[system.addontitle(Skin.String(HomeRadioButton9))]</label>
			<onclick>InstallAddon($INFO[Skin.String(HomeRadioButton9)])</onclick>
			<onclick>RunAddon($INFO[Skin.String(HomeRadioButton9)])</onclick>
			<thumb>$INFO[system.addonicon(Skin.String(HomeRadioButton9))]</thumb>
			<icon>DefaultAddonsUpdates.png</icon>
			<visible>!String.IsEmpty(Skin.String(HomeRadioButton9))</visible>
		</item>
		<item>
			<label>$INFO[system.addontitle(Skin.String(HomeRadioButton10))]</label>
			<onclick>InstallAddon($INFO[Skin.String(HomeRadioButton10)])</onclick>
			<onclick>RunAddon($INFO[Skin.String(HomeRadioButton10)])</onclick>
			<thumb>$INFO[system.addonicon(Skin.String(HomeRadioButton10))]</thumb>
			<icon>DefaultAddonsUpdates.png</icon>
			<visible>!String.IsEmpty(Skin.String(HomeRadioButton10))</visible>
		</item>
	</include>
	<include name="HomeAddonItemsTV">
		<item>
			<label>$INFO[system.addontitle(Skin.String(HomeTVButton1))]</label>
			<onclick>InstallAddon($INFO[Skin.String(HomeTVButton1)])</onclick>
			<onclick>RunAddon($INFO[Skin.String(HomeTVButton1)])</onclick>
			<thumb>$INFO[system.addonicon(Skin.String(HomeTVButton1))]</thumb>
			<icon>DefaultAddonsUpdates.png</icon>
			<visible>!String.IsEmpty(Skin.String(HomeTVButton1))</visible>
		</item>
		<item>
			<label>$INFO[system.addontitle(Skin.String(HomeTVButton2))]</label>
			<onclick>InstallAddon($INFO[Skin.String(HomeTVButton2)])</onclick>
			<onclick>RunAddon($INFO[Skin.String(HomeTVButton2)])</onclick>
			<thumb>$INFO[system.addonicon(Skin.String(HomeTVButton2))]</thumb>
			<icon>DefaultAddonsUpdates.png</icon>
			<visible>!String.IsEmpty(Skin.String(HomeTVButton2))</visible>
		</item>
		<item>
			<label>$INFO[system.addontitle(Skin.String(HomeTVButton3))]</label>
			<onclick>InstallAddon($INFO[Skin.String(HomeTVButton3)])</onclick>
			<onclick>RunAddon($INFO[Skin.String(HomeTVButton3)])</onclick>
			<thumb>$INFO[system.addonicon(Skin.String(HomeTVButton3))]</thumb>
			<icon>DefaultAddonsUpdates.png</icon>
			<visible>!String.IsEmpty(Skin.String(HomeTVButton3))</visible>
		</item>
		<item>
			<label>$INFO[system.addontitle(Skin.String(HomeTVButton4))]</label>
			<onclick>InstallAddon($INFO[Skin.String(HomeTVButton4)])</onclick>
			<onclick>RunAddon($INFO[Skin.String(HomeTVButton4)])</onclick>
			<thumb>$INFO[system.addonicon(Skin.String(HomeTVButton4))]</thumb>
			<icon>DefaultAddonsUpdates.png</icon>
			<visible>!String.IsEmpty(Skin.String(HomeTVButton4))</visible>
		</item>
		<item>
			<label>$INFO[system.addontitle(Skin.String(HomeTVButton5))]</label>
			<onclick>InstallAddon($INFO[Skin.String(HomeTVButton5)])</onclick>
			<onclick>RunAddon($INFO[Skin.String(HomeTVButton5)])</onclick>
			<thumb>$INFO[system.addonicon(Skin.String(HomeTVButton5))]</thumb>
			<icon>DefaultAddonsUpdates.png</icon>
			<visible>!String.IsEmpty(Skin.String(HomeTVButton5))</visible>
		</item>
		<item>
			<label>$INFO[system.addontitle(Skin.String(HomeTVButton6))]</label>
			<onclick>InstallAddon($INFO[Skin.String(HomeTVButton6)])</onclick>
			<onclick>RunAddon($INFO[Skin.String(HomeTVButton6)])</onclick>
			<thumb>$INFO[system.addonicon(Skin.String(HomeTVButton6))]</thumb>
			<icon>DefaultAddonsUpdates.png</icon>
			<visible>!String.IsEmpty(Skin.String(HomeTVButton6))</visible>
		</item>
		<item>
			<label>$INFO[system.addontitle(Skin.String(HomeTVButton7))]</label>
			<onclick>InstallAddon($INFO[Skin.String(HomeTVButton7)])</onclick>
			<onclick>RunAddon($INFO[Skin.String(HomeTVButton7)])</onclick>
			<thumb>$INFO[system.addonicon(Skin.String(HomeTVButton7))]</thumb>
			<icon>DefaultAddonsUpdates.png</icon>
			<visible>!String.IsEmpty(Skin.String(HomeTVButton7))</visible>
		</item>
		<item>
			<label>$INFO[system.addontitle(Skin.String(HomeTVButton8))]</label>
			<onclick>InstallAddon($INFO[Skin.String(HomeTVButton8)])</onclick>
			<onclick>RunAddon($INFO[Skin.String(HomeTVButton8)])</onclick>
			<thumb>$INFO[system.addonicon(Skin.String(HomeTVButton8))]</thumb>
			<icon>DefaultAddonsUpdates.png</icon>
			<visible>!String.IsEmpty(Skin.String(HomeTVButton8))</visible>
		</item>
		<item>
			<label>$INFO[system.addontitle(Skin.String(HomeTVButton9))]</label>
			<onclick>InstallAddon($INFO[Skin.String(HomeTVButton9)])</onclick>
			<onclick>RunAddon($INFO[Skin.String(HomeTVButton9)])</onclick>
			<thumb>$INFO[system.addonicon(Skin.String(HomeTVButton9))]</thumb>
			<icon>DefaultAddonsUpdates.png</icon>
			<visible>!String.IsEmpty(Skin.String(HomeTVButton9))</visible>
		</item>
		<item>
			<label>$INFO[system.addontitle(Skin.String(HomeTVButton10))]</label>
			<onclick>InstallAddon($INFO[Skin.String(HomeTVButton10)])</onclick>
			<onclick>RunAddon($INFO[Skin.String(HomeTVButton10)])</onclick>
			<thumb>$INFO[system.addonicon(Skin.String(HomeTVButton10))]</thumb>
			<icon>DefaultAddonsUpdates.png</icon>
			<visible>!String.IsEmpty(Skin.String(HomeTVButton10))</visible>
		</item>
	</include>
	<include name="HomeAddonItemsVideos">
		<item>
			<label>$INFO[system.addontitle(Skin.String(HomeVideosButton1))]</label>
			<onclick>InstallAddon($INFO[Skin.String(HomeVideosButton1)])</onclick>
			<onclick>RunAddon($INFO[Skin.String(HomeVideosButton1)])</onclick>
			<thumb>$INFO[system.addonicon(Skin.String(HomeVideosButton1))]</thumb>
			<icon>DefaultAddonsUpdates.png</icon>
			<visible>!String.IsEmpty(Skin.String(HomeVideosButton1))</visible>
		</item>
		<item>
			<label>$INFO[system.addontitle(Skin.String(HomeVideosButton2))]</label>
			<onclick>InstallAddon($INFO[Skin.String(HomeVideosButton2)])</onclick>
			<onclick>RunAddon($INFO[Skin.String(HomeVideosButton2)])</onclick>
			<thumb>$INFO[system.addonicon(Skin.String(HomeVideosButton2))]</thumb>
			<icon>DefaultAddonsUpdates.png</icon>
			<visible>!String.IsEmpty(Skin.String(HomeVideosButton2))</visible>
		</item>
		<item>
			<label>$INFO[system.addontitle(Skin.String(HomeVideosButton3))]</label>
			<onclick>InstallAddon($INFO[Skin.String(HomeVideosButton3)])</onclick>
			<onclick>RunAddon($INFO[Skin.String(HomeVideosButton3)])</onclick>
			<thumb>$INFO[system.addonicon(Skin.String(HomeVideosButton3))]</thumb>
			<icon>DefaultAddonsUpdates.png</icon>
			<visible>!String.IsEmpty(Skin.String(HomeVideosButton3))</visible>
		</item>
		<item>
			<label>$INFO[system.addontitle(Skin.String(HomeVideosButton4))]</label>
			<onclick>InstallAddon($INFO[Skin.String(HomeVideosButton4)])</onclick>
			<onclick>RunAddon($INFO[Skin.String(HomeVideosButton4)])</onclick>
			<thumb>$INFO[system.addonicon(Skin.String(HomeVideosButton4))]</thumb>
			<icon>DefaultAddonsUpdates.png</icon>
			<visible>!String.IsEmpty(Skin.String(HomeVideosButton4))</visible>
		</item>
		<item>
			<label>$INFO[system.addontitle(Skin.String(HomeVideosButton5))]</label>
			<onclick>InstallAddon($INFO[Skin.String(HomeVideosButton5)])</onclick>
			<onclick>RunAddon($INFO[Skin.String(HomeVideosButton5)])</onclick>
			<thumb>$INFO[system.addonicon(Skin.String(HomeVideosButton5))]</thumb>
			<icon>DefaultAddonsUpdates.png</icon>
			<visible>!String.IsEmpty(Skin.String(HomeVideosButton5))</visible>
		</item>
		<item>
			<label>$INFO[system.addontitle(Skin.String(HomeVideosButton6))]</label>
			<onclick>InstallAddon($INFO[Skin.String(HomeVideosButton6)])</onclick>
			<onclick>RunAddon($INFO[Skin.String(HomeVideosButton6)])</onclick>
			<thumb>$INFO[system.addonicon(Skin.String(HomeVideosButton6))]</thumb>
			<icon>DefaultAddonsUpdates.png</icon>
			<visible>!String.IsEmpty(Skin.String(HomeVideosButton6))</visible>
		</item>
		<item>
			<label>$INFO[system.addontitle(Skin.String(HomeVideosButton7))]</label>
			<onclick>InstallAddon($INFO[Skin.String(HomeVideosButton7)])</onclick>
			<onclick>RunAddon($INFO[Skin.String(HomeVideosButton7)])</onclick>
			<thumb>$INFO[system.addonicon(Skin.String(HomeVideosButton7))]</thumb>
			<thumb>DefaultAddonsUpdates.png</thumb>
			<visible>!String.IsEmpty(Skin.String(HomeVideosButton7))</visible>
		</item>
		<item>
			<label>$INFO[system.addontitle(Skin.String(HomeVideosButton8))]</label>
			<onclick>InstallAddon($INFO[Skin.String(HomeVideosButton8)])</onclick>
			<onclick>RunAddon($INFO[Skin.String(HomeVideosButton8)])</onclick>
			<thumb>$INFO[system.addonicon(Skin.String(HomeVideosButton8))]</thumb>
			<icon>DefaultAddonsUpdates.png</icon>
			<visible>!String.IsEmpty(Skin.String(HomeVideosButton8)</visible>
		</item>
		<item>
			<label>$INFO[system.addontitle(Skin.String(HomeVideosButton9))]</label>
			<onclick>InstallAddon($INFO[Skin.String(HomeVideosButton9)])</onclick>
			<onclick>RunAddon($INFO[Skin.String(HomeVideosButton9)])</onclick>
			<thumb>$INFO[system.addonicon(Skin.String(HomeVideosButton9))]</thumb>
			<icon>DefaultAddonsUpdates.png</icon>
			<visible>!String.IsEmpty(Skin.String(HomeVideosButton9))</visible>
		</item>
		<item>
			<label>$INFO[system.addontitle(Skin.String(HomeVideosButton10))]</label>
			<onclick>InstallAddon($INFO[Skin.String(HomeVideosButton10)])</onclick>
			<onclick>RunAddon($INFO[Skin.String(HomeVideosButton10)])</onclick>
			<thumb>$INFO[system.addonicon(Skin.String(HomeVideosButton10))]</thumb>
			<icon>DefaultAddonsUpdates.png</icon>
			<visible>!String.IsEmpty(Skin.String(HomeVideosButton10))</visible>
		</item>
		<item>
			<label>$INFO[system.addontitle(Skin.String(HomeVideosButton11))]</label>
			<onclick>InstallAddon($INFO[Skin.String(HomeVideosButton11)])</onclick>
			<onclick>RunAddon($INFO[Skin.String(HomeVideosButton11)])</onclick>
			<thumb>$INFO[system.addonicon(Skin.String(HomeVideosButton11))]</thumb>
			<icon>DefaultAddonsUpdates.png</icon>
			<visible>!String.IsEmpty(Skin.String(HomeVideosButton11))</visible>
		</item>
		<item>
			<label>$INFO[system.addontitle(Skin.String(HomeVideosButton12))]</label>
			<onclick>InstallAddon($INFO[Skin.String(HomeVideosButton12)])</onclick>
			<onclick>RunAddon($INFO[Skin.String(HomeVideosButton12)])</onclick>
			<thumb>$INFO[system.addonicon(Skin.String(HomeVideosButton12))]</thumb>
			<icon>DefaultAddonsUpdates.png</icon>
			<visible>!String.IsEmpty(Skin.String(HomeVideosButton12))</visible>
		</item>
		<item>
			<label>$INFO[system.addontitle(Skin.String(HomeVideosButton13))]</label>
			<onclick>InstallAddon($INFO[Skin.String(HomeVideosButton13)])</onclick>
			<onclick>RunAddon($INFO[Skin.String(HomeVideosButton13)])</onclick>
			<thumb>$INFO[system.addonicon(Skin.String(HomeVideosButton13))]</thumb>
			<icon>DefaultAddonsUpdates.png</icon>
			<visible>!String.IsEmpty(Skin.String(HomeVideosButton13))</visible>
		</item>
		<item>
			<label>$INFO[system.addontitle(Skin.String(HomeVideosButton14))]</label>
			<onclick>InstallAddon($INFO[Skin.String(HomeVideosButton14)])</onclick>
			<onclick>RunAddon($INFO[Skin.String(HomeVideosButton14)])</onclick>
			<thumb>$INFO[system.addonicon(Skin.String(HomeVideosButton14))]</thumb>
			<thumb>DefaultAddonsUpdates.png</thumb>
			<visible>!String.IsEmpty(Skin.String(HomeVideosButton14))</visible>
		</item>
		<item>
			<label>$INFO[system.addontitle(Skin.String(HomeVideosButton15))]</label>
			<onclick>InstallAddon($INFO[Skin.String(HomeVideosButton15)])</onclick>
			<onclick>RunAddon($INFO[Skin.String(HomeVideosButton15)])</onclick>
			<thumb>$INFO[system.addonicon(Skin.String(HomeVideosButton15))]</thumb>
			<icon>DefaultAddonsUpdates.png</icon>
			<visible>!String.IsEmpty(Skin.String(HomeVideosButton15))</visible>
		</item>
		<item>
			<label>$INFO[system.addontitle(Skin.String(HomeVideosButton16))]</label>
			<onclick>InstallAddon($INFO[Skin.String(HomeVideosButton16)])</onclick>
			<onclick>RunAddon($INFO[Skin.String(HomeVideosButton16)])</onclick>
			<thumb>$INFO[system.addonicon(Skin.String(HomeVideosButton16))]</thumb>
			<icon>DefaultAddonsUpdates.png</icon>
			<visible>!String.IsEmpty(Skin.String(HomeVideosButton16))</visible>
		</item>
		<item>
			<label>$INFO[system.addontitle(Skin.String(HomeVideosButton17))]</label>
			<onclick>InstallAddon($INFO[Skin.String(HomeVideosButton17)])</onclick>
			<onclick>RunAddon($INFO[Skin.String(HomeVideosButton17)])</onclick>
			<thumb>$INFO[system.addonicon(Skin.String(HomeVideosButton17))]</thumb>
			<icon>DefaultAddonsUpdates.png</icon>
			<visible>!String.IsEmpty(Skin.String(HomeVideosButton17))</visible>
		</item>
		<item>
			<label>$INFO[system.addontitle(Skin.String(HomeVideosButton18))]</label>
			<onclick>InstallAddon($INFO[Skin.String(HomeVideosButton18)])</onclick>
			<onclick>RunAddon($INFO[Skin.String(HomeVideosButton18)])</onclick>
			<thumb>$INFO[system.addonicon(Skin.String(HomeVideosButton18))]</thumb>
			<icon>DefaultAddonsUpdates.png</icon>
			<visible>!String.IsEmpty(Skin.String(HomeVideosButton18))</visible>
		</item>
		<item>
			<label>$INFO[system.addontitle(Skin.String(HomeVideosButton19))]</label>
			<onclick>InstallAddon($INFO[Skin.String(HomeVideosButton19)])</onclick>
			<onclick>RunAddon($INFO[Skin.String(HomeVideosButton19)])</onclick>
			<thumb>$INFO[system.addonicon(Skin.String(HomeVideosButton19))]</thumb>
			<icon>DefaultAddonsUpdates.png</icon>
			<visible>!String.IsEmpty(Skin.String(HomeVideosButton19))</visible>
		</item>
		<item>
			<label>$INFO[system.addontitle(Skin.String(HomeVideosButton20))]</label>
			<onclick>InstallAddon($INFO[Skin.String(HomeVideosButton20)])</onclick>
			<onclick>RunAddon($INFO[Skin.String(HomeVideosButton20)])</onclick>
			<thumb>$INFO[system.addonicon(Skin.String(HomeVideosButton20))]</thumb>
			<icon>DefaultAddonsUpdates.png</icon>
			<visible>!String.IsEmpty(Skin.String(HomeVideosButton20))</visible>
		</item>
	</include>
    <include name="HomeAddonItemsMovies">
		<item>
			<label>$INFO[system.addontitle(Skin.String(HomeMoviesButton1))]</label>
			<onclick>RunAddon($INFO[Skin.String(HomeMoviesButton1)])</onclick>
			<onclick>InstallAddon($INFO[Skin.String(HomeMoviesButton1)])</onclick>
			<thumb>$INFO[system.addonicon(Skin.String(HomeMoviesButton1))]</thumb>
			<icon>DefaultAddonsUpdates.png</icon>
			<visible>!String.IsEmpty(Skin.String(HomeMoviesButton1))</visible>
		</item>
		<item>
			<label>$INFO[system.addontitle(Skin.String(HomeMoviesButton2))]</label>
			<onclick>InstallAddon($INFO[Skin.String(HomeMoviesButton2)])</onclick>
			<onclick>RunAddon($INFO[Skin.String(HomeMoviesButton2)])</onclick>
			<thumb>$INFO[system.addonicon(Skin.String(HomeMoviesButton2))]</thumb>
			<icon>DefaultAddonsUpdates.png</icon>
			<visible>!String.IsEmpty(Skin.String(HomeMoviesButton2))</visible>
		</item>
		<item>
			<label>$INFO[system.addontitle(Skin.String(HomeMoviesButton3))]</label>
			<onclick>InstallAddon($INFO[Skin.String(HomeMoviesButton3)])</onclick>
			<onclick>RunAddon($INFO[Skin.String(HomeMoviesButton3)])</onclick>
			<thumb>$INFO[system.addonicon(Skin.String(HomeMoviesButton3))]</thumb>
			<icon>DefaultAddonsUpdates.png</icon>
			<visible>!String.IsEmpty(Skin.String(HomeMoviesButton3))</visible>
		</item>
		<item>
			<label>$INFO[system.addontitle(Skin.String(HomeMoviesButton4))]</label>
			<onclick>InstallAddon($INFO[Skin.String(HomeMoviesButton4)])</onclick>
			<onclick>RunAddon($INFO[Skin.String(HomeMoviesButton4)])</onclick>
			<thumb>$INFO[system.addonicon(Skin.String(HomeMoviesButton4))]</thumb>
			<icon>DefaultAddonsUpdates.png</icon>
			<visible>!String.IsEmpty(Skin.String(HomeMoviesButton4))</visible>
		</item>
		<item>
			<label>$INFO[system.addontitle(Skin.String(HomeMoviesButton5))]</label>
			<onclick>InstallAddon($INFO[Skin.String(HomeMoviesButton5)])</onclick>
			<onclick>RunAddon($INFO[Skin.String(HomeMoviesButton5)])</onclick>
			<thumb>$INFO[system.addonicon(Skin.String(HomeMoviesButton5))]</thumb>
			<icon>DefaultAddonsUpdates.png</icon>
			<visible>!String.IsEmpty(Skin.String(HomeMoviesButton5))</visible>
		</item>
		<item>
			<label>$INFO[system.addontitle(Skin.String(HomeMoviesButton6))]</label>
			<onclick>InstallAddon($INFO[Skin.String(HomeMoviesButton6)])</onclick>
			<onclick>RunAddon($INFO[Skin.String(HomeMoviesButton6)])</onclick>
			<thumb>$INFO[system.addonicon(Skin.String(HomeMoviesButton6))]</thumb>
			<icon>DefaultAddonsUpdates.png</icon>
			<visible>!String.IsEmpty(Skin.String(HomeMoviesButton6))</visible>
		</item>
		<item>
			<label>$INFO[system.addontitle(Skin.String(HomeMoviesButton7))]</label>
			<onclick>InstallAddon($INFO[Skin.String(HomeMoviesButton7)])</onclick>
			<onclick>RunAddon($INFO[Skin.String(HomeMoviesButton7)])</onclick>
			<thumb>$INFO[system.addonicon(Skin.String(HomeMoviesButton7))]</thumb>
			<icon>DefaultAddonsUpdates.png</icon>
			<visible>!String.IsEmpty(Skin.String(HomeMoviesButton7))</visible>
		</item>
		<item>
			<label>$INFO[system.addontitle(Skin.String(HomeMoviesButton8))]</label>
			<onclick>RunAddon($INFO[Skin.String(HomeMoviesButton8)])</onclick>
			<onclick>InstallAddon($INFO[Skin.String(HomeMoviesButton8)])</onclick>
			<thumb>$INFO[system.addonicon(Skin.String(HomeMoviesButton8))]</thumb>
			<icon>DefaultAddonsUpdates.png</icon>
			<visible>!String.IsEmpty(Skin.String(HomeMoviesButton8))</visible>
		</item>
		<item>
			<label>$INFO[system.addontitle(Skin.String(HomeMoviesButton9))]</label>
			<onclick>InstallAddon($INFO[Skin.String(HomeMoviesButton9)])</onclick>
			<onclick>RunAddon($INFO[Skin.String(HomeMoviesButton9)])</onclick>
			<thumb>$INFO[system.addonicon(Skin.String(HomeMoviesButton9))]</thumb>
			<icon>DefaultAddonsUpdates.png</icon>
			<visible>!String.IsEmpty(Skin.String(HomeMoviesButton9))</visible>
		</item>
		<item>
			<label>$INFO[system.addontitle(Skin.String(HomeMoviesButton10))]</label>
			<onclick>InstallAddon($INFO[Skin.String(HomeMoviesButton10)])</onclick>
			<onclick>RunAddon($INFO[Skin.String(HomeMoviesButton10)])</onclick>
			<thumb>$INFO[system.addonicon(Skin.String(HomeMoviesButton10))]</thumb>
			<icon>DefaultAddonsUpdates.png</icon>
			<visible>!String.IsEmpty(Skin.String(HomeMoviesButton10))</visible>
		</item>
		<item>
			<label>$INFO[system.addontitle(Skin.String(HomeMoviesButton11))]</label>
			<onclick>InstallAddon($INFO[Skin.String(HomeMoviesButton11)])</onclick>
			<onclick>RunAddon($INFO[Skin.String(HomeMoviesButton11)])</onclick>
			<thumb>$INFO[system.addonicon(Skin.String(HomeMoviesButton11))]</thumb>
			<icon>DefaultAddonsUpdates.png</icon>
			<visible>!String.IsEmpty(Skin.String(HomeMoviesButton11))</visible>
		</item>
		<item>
			<label>$INFO[system.addontitle(Skin.String(HomeMoviesButton12))]</label>
			<onclick>InstallAddon($INFO[Skin.String(HomeMoviesButton12)])</onclick>
			<onclick>RunAddon($INFO[Skin.String(HomeMoviesButton12)])</onclick>
			<thumb>$INFO[system.addonicon(Skin.String(HomeMoviesButton12))]</thumb>
			<icon>DefaultAddonsUpdates.png</icon>
			<visible>!String.IsEmpty(Skin.String(HomeMoviesButton12))</visible>
		</item>
		<item>
			<label>$INFO[system.addontitle(Skin.String(HomeMoviesButton13))]</label>
			<onclick>InstallAddon($INFO[Skin.String(HomeMoviesButton13)])</onclick>
			<onclick>RunAddon($INFO[Skin.String(HomeMoviesButton13)])</onclick>
			<thumb>$INFO[system.addonicon(Skin.String(HomeMoviesButton13))]</thumb>
			<icon>DefaultAddonsUpdates.png</icon>
			<visible>!String.IsEmpty(Skin.String(HomeMoviesButton13))</visible>
		</item>
		<item>
			<label>$INFO[system.addontitle(Skin.String(HomeMoviesButton14))]</label>
			<onclick>InstallAddon($INFO[Skin.String(HomeMoviesButton14)])</onclick>
			<onclick>RunAddon($INFO[Skin.String(HomeMoviesButton14)])</onclick>
			<thumb>$INFO[system.addonicon(Skin.String(HomeMoviesButton14))]</thumb>
			<icon>DefaultAddonsUpdates.png</icon>
			<visible>!String.IsEmpty(Skin.String(HomeMoviesButton14))</visible>
		</item>
		<item>
			<label>$INFO[system.addontitle(Skin.String(HomeMoviesButton15))]</label>
			<onclick>RunAddon($INFO[Skin.String(HomeMoviesButton15)])</onclick>
			<onclick>InstallAddon($INFO[Skin.String(HomeMoviesButton15)])</onclick>
			<thumb>$INFO[system.addonicon(Skin.String(HomeMoviesButton15))]</thumb>
			<icon>DefaultAddonsUpdates.png</icon>
			<visible>!String.IsEmpty(Skin.String(HomeMoviesButton15))</visible>
		</item>
		<item>
			<label>$INFO[system.addontitle(Skin.String(HomeMoviesButton16))]</label>
			<onclick>InstallAddon($INFO[Skin.String(HomeMoviesButton16)])</onclick>
			<onclick>RunAddon($INFO[Skin.String(HomeMoviesButton16)])</onclick>
			<thumb>$INFO[system.addonicon(Skin.String(HomeMoviesButton16))]</thumb>
			<icon>DefaultAddonsUpdates.png</icon>
			<visible>!String.IsEmpty(Skin.String(HomeMoviesButton16))</visible>
		</item>
		<item>
			<label>$INFO[system.addontitle(Skin.String(HomeMoviesButton17))]</label>
			<onclick>InstallAddon($INFO[Skin.String(HomeMoviesButton17)])</onclick>
			<onclick>RunAddon($INFO[Skin.String(HomeMoviesButton17)])</onclick>
			<thumb>$INFO[system.addonicon(Skin.String(HomeMoviesButton17))]</thumb>
			<icon>DefaultAddonsUpdates.png</icon>
			<visible>!String.IsEmpty(Skin.String(HomeMoviesButton17))</visible>
		</item>
		<item>
			<label>$INFO[system.addontitle(Skin.String(HomeMoviesButton18))]</label>
			<onclick>InstallAddon($INFO[Skin.String(HomeMoviesButton18)])</onclick>
			<onclick>RunAddon($INFO[Skin.String(HomeMoviesButton18)])</onclick>
			<thumb>$INFO[system.addonicon(Skin.String(HomeMoviesButton18))]</thumb>
			<icon>DefaultAddonsUpdates.png</icon>
			<visible>!String.IsEmpty(Skin.String(HomeMoviesButton18))</visible>
		</item>
		<item>
			<label>$INFO[system.addontitle(Skin.String(HomeMoviesButton19))]</label>
			<onclick>InstallAddon($INFO[Skin.String(HomeMoviesButton19)])</onclick>
			<onclick>RunAddon($INFO[Skin.String(HomeMoviesButton19)])</onclick>
			<thumb>$INFO[system.addonicon(Skin.String(HomeMoviesButton19))]</thumb>
			<icon>DefaultAddonsUpdates.png</icon>
			<visible>!String.IsEmpty(Skin.String(HomeMoviesButton19))</visible>
		</item>
		<item>
			<label>$INFO[system.addontitle(Skin.String(HomeMoviesButton20))]</label>
			<onclick>InstallAddon($INFO[Skin.String(HomeMoviesButton20)])</onclick>
			<onclick>RunAddon($INFO[Skin.String(HomeMoviesButton20)])</onclick>
			<thumb>$INFO[system.addonicon(Skin.String(HomeMoviesButton20))]</thumb>
			<icon>DefaultAddonsUpdates.png</icon>
			<visible>!String.IsEmpty(Skin.String(HomeMoviesButton20))</visible>
		</item>
	</include>
    <include name="HomeAddonItemsTVShows">
		<item>
			<label>$INFO[system.addontitle(Skin.String(HomeTVShowsButton1))]</label>
			<onclick>InstallAddon($INFO[Skin.String(HomeTVShowsButton1)])</onclick>
			<onclick>RunAddon($INFO[Skin.String(HomeTVShowsButton1)])</onclick>
			<thumb>$INFO[system.addonicon(Skin.String(HomeTVShowsButton1))]</thumb>
			<icon>DefaultAddonsUpdates.png</icon>
			<visible>!String.IsEmpty(Skin.String(HomeTVShowsButton1))</visible>
		</item>
		<item>
			<label>$INFO[system.addontitle(Skin.String(HomeTVShowsButton2))]</label>
			<onclick>InstallAddon($INFO[Skin.String(HomeTVShowsButton2)])</onclick>
			<onclick>RunAddon($INFO[Skin.String(HomeTVShowsButton2)])</onclick>
			<thumb>$INFO[system.addonicon(Skin.String(HomeTVShowsButton2))]</thumb>
			<icon>DefaultAddonsUpdates.png</icon>
			<visible>!String.IsEmpty(Skin.String(HomeTVShowsButton2))</visible>
		</item>
		<item>
			<label>$INFO[system.addontitle(Skin.String(HomeTVShowsButton3))]</label>
			<onclick>InstallAddon($INFO[Skin.String(HomeTVShowsButton3)])</onclick>
			<onclick>RunAddon($INFO[Skin.String(HomeTVShowsButton3)])</onclick>
			<thumb>$INFO[system.addonicon(Skin.String(HomeTVShowsButton3))]</thumb>
			<icon>DefaultAddonsUpdates.png</icon>
			<visible>!String.IsEmpty(Skin.String(HomeTVShowsButton3))</visible>
		</item>
		<item>
			<label>$INFO[system.addontitle(Skin.String(HomeTVShowsButton4))]</label>
			<onclick>InstallAddon($INFO[Skin.String(HomeTVShowsButton4)])</onclick>
			<onclick>RunAddon($INFO[Skin.String(HomeTVShowsButton4)])</onclick>
			<thumb>$INFO[system.addonicon(Skin.String(HomeTVShowsButton4))]</thumb>
			<icon>DefaultAddonsUpdates.png</icon>
			<visible>!String.IsEmpty(Skin.String(HomeTVShowsButton4))</visible>
		</item>
		<item>
			<label>$INFO[system.addontitle(Skin.String(HomeTVShowsButton5))]</label>
			<onclick>InstallAddon($INFO[Skin.String(HomeTVShowsButton5)])</onclick>
			<onclick>RunAddon($INFO[Skin.String(HomeTVShowsButton5)])</onclick>
			<thumb>$INFO[system.addonicon(Skin.String(HomeTVShowsButton5))]</thumb>
			<icon>DefaultAddonsUpdates.png</icon>
			<visible>!String.IsEmpty(Skin.String(HomeTVShowsButton5))</visible>
		</item>
		<item>
			<label>$INFO[system.addontitle(Skin.String(HomeTVShowsButton6))]</label>
			<onclick>InstallAddon($INFO[Skin.String(HomeTVShowsButton6)])</onclick>
			<onclick>RunAddon($INFO[Skin.String(HomeTVShowsButton6)])</onclick>
			<thumb>$INFO[system.addonicon(Skin.String(HomeTVShowsButton6))]</thumb>
			<icon>DefaultAddonsUpdates.png</icon>
			<visible>!String.IsEmpty(Skin.String(HomeTVShowsButton6))</visible>
		</item>
		<item>
			<label>$INFO[system.addontitle(Skin.String(HomeTVShowsButton7))]</label>
			<onclick>InstallAddon($INFO[Skin.String(HomeTVShowsButton7)])</onclick>
			<onclick>RunAddon($INFO[Skin.String(HomeTVShowsButton7)])</onclick>
			<thumb>$INFO[system.addonicon(Skin.String(HomeTVShowsButton7))]</thumb>
			<icon>DefaultAddonsUpdates.png</icon>
			<visible>!String.IsEmpty(Skin.String(HomeTVShowsButton7))</visible>
		</item>
		<item>
			<label>$INFO[system.addontitle(Skin.String(HomeTVShowsButton8))]</label>
			<onclick>InstallAddon($INFO[Skin.String(HomeTVShowsButton8)])</onclick>
			<onclick>RunAddon($INFO[Skin.String(HomeTVShowsButton8)])</onclick>
			<thumb>$INFO[system.addonicon(Skin.String(HomeTVShowsButton8))]</thumb>
			<icon>DefaultAddonsUpdates.png</icon>
			<visible>!String.IsEmpty(Skin.String(HomeTVShowsButton8))</visible>
		</item>
		<item>
			<label>$INFO[system.addontitle(Skin.String(HomeTVShowsButton9))]</label>
			<onclick>InstallAddon($INFO[Skin.String(HomeTVShowsButton9)])</onclick>
			<onclick>RunAddon($INFO[Skin.String(HomeTVShowsButton9)])</onclick>
			<thumb>$INFO[system.addonicon(Skin.String(HomeTVShowsButton9))]</thumb>
			<icon>DefaultAddonsUpdates.png</icon>
			<visible>!String.IsEmpty(Skin.String(HomeTVShowsButton9))</visible>
		</item>
		<item>
			<label>$INFO[system.addontitle(Skin.String(HomeTVShowsButton10))]</label>
			<onclick>InstallAddon($INFO[Skin.String(HomeTVShowsButton10)])</onclick>
			<onclick>RunAddon($INFO[Skin.String(HomeTVShowsButton10)])</onclick>
			<thumb>$INFO[system.addonicon(Skin.String(HomeTVShowsButton10))]</thumb>
			<icon>DefaultAddonsUpdates.png</icon>
			<visible>!String.IsEmpty(Skin.String(HomeTVShowsButton10))</visible>
		</item>
		<item>
			<label>$INFO[system.addontitle(Skin.String(HomeTVShowsButton11))]</label>
			<onclick>InstallAddon($INFO[Skin.String(HomeTVShowsButton11)])</onclick>
			<onclick>RunAddon($INFO[Skin.String(HomeTVShowsButton11)])</onclick>
			<thumb>$INFO[system.addonicon(Skin.String(HomeTVShowsButton11))]</thumb>
			<icon>DefaultAddonsUpdates.png</icon>
			<visible>!String.IsEmpty(Skin.String(HomeTVShowsButton11))</visible>
		</item>
		<item>
			<label>$INFO[system.addontitle(Skin.String(HomeTVShowsButton12))]</label>
			<onclick>InstallAddon($INFO[Skin.String(HomeTVShowsButton12)])</onclick>
			<onclick>RunAddon($INFO[Skin.String(HomeTVShowsButton12)])</onclick>
			<thumb>$INFO[system.addonicon(Skin.String(HomeTVShowsButton12))]</thumb>
			<icon>DefaultAddonsUpdates.png</icon>
			<visible>!String.IsEmpty(Skin.String(HomeTVShowsButton12))</visible>
		</item>
		<item>
			<label>$INFO[system.addontitle(Skin.String(HomeTVShowsButton13))]</label>
			<onclick>InstallAddon($INFO[Skin.String(HomeTVShowsButton13)])</onclick>
			<onclick>RunAddon($INFO[Skin.String(HomeTVShowsButton13)])</onclick>
			<thumb>$INFO[system.addonicon(Skin.String(HomeTVShowsButton13))]</thumb>
			<icon>DefaultAddonsUpdates.png</icon>
			<visible>!String.IsEmpty(Skin.String(HomeTVShowsButton13))</visible>
		</item>
		<item>
			<label>$INFO[system.addontitle(Skin.String(HomeTVShowsButton14))]</label>
			<onclick>InstallAddon($INFO[Skin.String(HomeTVShowsButton14)])</onclick>
			<onclick>RunAddon($INFO[Skin.String(HomeTVShowsButton14)])</onclick>
			<thumb>$INFO[system.addonicon(Skin.String(HomeTVShowsButton14))]</thumb>
			<icon>DefaultAddonsUpdates.png</icon>
			<visible>!String.IsEmpty(Skin.String(HomeTVShowsButton14))</visible>
		</item>
		<item>
			<label>$INFO[system.addontitle(Skin.String(HomeTVShowsButton15))]</label>
			<onclick>InstallAddon($INFO[Skin.String(HomeTVShowsButton15)])</onclick>
			<onclick>RunAddon($INFO[Skin.String(HomeTVShowsButton15)])</onclick>
			<thumb>$INFO[system.addonicon(Skin.String(HomeTVShowsButton15))]</thumb>
			<icon>DefaultAddonsUpdates.png</icon>
			<visible>!String.IsEmpty(Skin.String(HomeTVShowsButton15))</visible>
		</item>
		<item>
			<label>$INFO[system.addontitle(Skin.String(HomeTVShowsButton16))]</label>
			<onclick>InstallAddon($INFO[Skin.String(HomeTVShowsButton16)])</onclick>
			<onclick>RunAddon($INFO[Skin.String(HomeTVShowsButton16)])</onclick>
			<thumb>$INFO[system.addonicon(Skin.String(HomeTVShowsButton16))]</thumb>
			<icon>DefaultAddonsUpdates.png</icon>
			<visible>!String.IsEmpty(Skin.String(HomeTVShowsButton16))</visible>
		</item>
		<item>
			<label>$INFO[system.addontitle(Skin.String(HomeTVShowsButton17))]</label>
			<onclick>InstallAddon($INFO[Skin.String(HomeTVShowsButton17)])</onclick>
			<onclick>RunAddon($INFO[Skin.String(HomeTVShowsButton17)])</onclick>
			<thumb>$INFO[system.addonicon(Skin.String(HomeTVShowsButton17))]</thumb>
			<icon>DefaultAddonsUpdates.png</icon>
			<visible>!String.IsEmpty(Skin.String(HomeTVShowsButton17))</visible>
		</item>
		<item>
			<label>$INFO[system.addontitle(Skin.String(HomeTVShowsButton18))]</label>
			<onclick>InstallAddon($INFO[Skin.String(HomeTVShowsButton18)])</onclick>
			<onclick>RunAddon($INFO[Skin.String(HomeTVShowsButton18)])</onclick>
			<thumb>$INFO[system.addonicon(Skin.String(HomeTVShowsButton18))]</thumb>
			<icon>DefaultAddonsUpdates.png</icon>
			<visible>!String.IsEmpty(Skin.String(HomeTVShowsButton18))</visible>
		</item>
		<item>
			<label>$INFO[system.addontitle(Skin.String(HomeTVShowsButton19))]</label>
			<onclick>InstallAddon($INFO[Skin.String(HomeTVShowsButton19)])</onclick>
			<onclick>RunAddon($INFO[Skin.String(HomeTVShowsButton19)])</onclick>
			<thumb>$INFO[system.addonicon(Skin.String(HomeTVShowsButton19))]</thumb>
			<icon>DefaultAddonsUpdates.png</icon>
			<visible>!String.IsEmpty(Skin.String(HomeTVShowsButton19))</visible>
		</item>
		<item>
			<label>$INFO[system.addontitle(Skin.String(HomeTVShowsButton20))]</label>
			<onclick>InstallAddon($INFO[Skin.String(HomeTVShowsButton20)])</onclick>
			<onclick>RunAddon($INFO[Skin.String(HomeTVShowsButton20)])</onclick>
			<thumb>$INFO[system.addonicon(Skin.String(HomeTVShowsButton20))]</thumb>
			<icon>DefaultAddonsUpdates.png</icon>
			<visible>!String.IsEmpty(Skin.String(HomeTVShowsButton20))</visible>
		</item>
	</include>
	<include name="HomeAddonItemsMusicVideos">
		<item>
			<label>$INFO[system.addontitle(Skin.String(HomeMusicVideosButton1))]</label>
			<onclick>InstallAddon($INFO[Skin.String(HomeMusicVideosButton1)])</onclick>
			<onclick>RunAddon($INFO[Skin.String(HomeMusicVideosButton1)])</onclick>
			<thumb>$INFO[system.addonicon(Skin.String(HomeMusicVideosButton1))]</thumb>
			<icon>DefaultAddonsUpdates.png</icon>
			<visible>!String.IsEmpty(Skin.String(HomeMusicVideosButton1))</visible>
		</item>
		<item>
			<label>$INFO[system.addontitle(Skin.String(HomeMusicVideosButton2))]</label>
			<onclick>InstallAddon($INFO[Skin.String(HomeMusicVideosButton2)])</onclick>
			<onclick>RunAddon($INFO[Skin.String(HomeMusicVideosButton2)])</onclick>
			<thumb>$INFO[system.addonicon(Skin.String(HomeMusicVideosButton2))]</thumb>
			<icon>DefaultAddonsUpdates.png</icon>
			<visible>!String.IsEmpty(Skin.String(HomeMusicVideosButton2))</visible>
		</item>
		<item>
			<label>$INFO[system.addontitle(Skin.String(HomeMusicVideosButton3))]</label>
			<onclick>InstallAddon($INFO[Skin.String(HomeMusicVideosButton3)])</onclick>
			<onclick>RunAddon($INFO[Skin.String(HomeMusicVideosButton3)])</onclick>
			<thumb>$INFO[system.addonicon(Skin.String(HomeMusicVideosButton3))]</thumb>
			<icon>DefaultAddonsUpdates.png</icon>
			<visible>!String.IsEmpty(Skin.String(HomeMusicVideosButton3))</visible>
		</item>
		<item>
			<label>$INFO[system.addontitle(Skin.String(HomeMusicVideosButton4))]</label>
			<onclick>InstallAddon($INFO[Skin.String(HomeMusicVideosButton4)])</onclick>
			<onclick>RunAddon($INFO[Skin.String(HomeMusicVideosButton4)])</onclick>
			<thumb>$INFO[system.addonicon(Skin.String(HomeMusicVideosButton4))]</thumb>
			<icon>DefaultAddonsUpdates.png</icon>
			<visible>!String.IsEmpty(Skin.String(HomeMusicVideosButton4))</visible>
		</item>
		<item>
			<label>$INFO[system.addontitle(Skin.String(HomeMusicVideosButton5))]</label>
			<onclick>InstallAddon($INFO[Skin.String(HomeMusicVideosButton5)])</onclick>
			<onclick>RunAddon($INFO[Skin.String(HomeMusicVideosButton5)])</onclick>
			<thumb>$INFO[system.addonicon(Skin.String(HomeMusicVideosButton5))]</thumb>
			<icon>DefaultAddonsUpdates.png</icon>
			<visible>!String.IsEmpty(Skin.String(HomeMusicVideosButton5))</visible>
		</item>
		<item>
			<label>$INFO[system.addontitle(Skin.String(HomeMusicVideosButton6))]</label>
			<onclick>InstallAddon($INFO[Skin.String(HomeMusicVideosButton6)])</onclick>
			<onclick>RunAddon($INFO[Skin.String(HomeMusicVideosButton6)])</onclick>
			<thumb>$INFO[system.addonicon(Skin.String(HomeMusicVideosButton6))]</thumb>
			<icon>DefaultAddonsUpdates.png</icon>
			<visible>!String.IsEmpty(Skin.String(HomeMusicVideosButton6))</visible>
		</item>
		<item>
			<label>$INFO[system.addontitle(Skin.String(HomeMusicVideosButton7))]</label>
			<onclick>InstallAddon($INFO[Skin.String(HomeMusicVideosButton7)])</onclick>
			<onclick>RunAddon($INFO[Skin.String(HomeMusicVideosButton7)])</onclick>
			<thumb>$INFO[system.addonicon(Skin.String(HomeMusicVideosButton7))]</thumb>
			<icon>DefaultAddonsUpdates.png</icon>
			<visible>!String.IsEmpty(Skin.String(HomeMusicVideosButton7))</visible>
		</item>
		<item>
			<label>$INFO[system.addontitle(Skin.String(HomeMusicVideosButton8))]</label>
			<onclick>InstallAddon($INFO[Skin.String(HomeMusicVideosButton8)])</onclick>
			<onclick>RunAddon($INFO[Skin.String(HomeMusicVideosButton8)])</onclick>
			<thumb>$INFO[system.addonicon(Skin.String(HomeMusicVideosButton8))]</thumb>
			<icon>DefaultAddonsUpdates.png</icon>
			<visible>!String.IsEmpty(Skin.String(HomeMusicVideosButton8))</visible>
		</item>
		<item>
			<label>$INFO[system.addontitle(Skin.String(HomeMusicVideosButton9))]</label>
			<onclick>InstallAddon($INFO[Skin.String(HomeMusicVideosButton9)])</onclick>
			<onclick>RunAddon($INFO[Skin.String(HomeMusicVideosButton9)])</onclick>
			<thumb>$INFO[system.addonicon(Skin.String(HomeMusicVideosButton9))]</thumb>
			<icon>DefaultAddonsUpdates.png</icon>
			<visible>!String.IsEmpty(Skin.String(HomeMusicVideosButton9))</visible>
		</item>
		<item>
			<label>$INFO[system.addontitle(Skin.String(HomeMusicVideosButton10))]</label>
			<onclick>InstallAddon($INFO[Skin.String(HomeMusicVideosButton10)])</onclick>
			<onclick>RunAddon($INFO[Skin.String(HomeMusicVideosButton10)])</onclick>
			<thumb>$INFO[system.addonicon(Skin.String(HomeMusicVideosButton10))]</thumb>
			<icon>DefaultAddonsUpdates.png</icon>
			<visible>!String.IsEmpty(Skin.String(HomeMusicVideosButton10))</visible>
		</item>
		<item>
			<label>$INFO[system.addontitle(Skin.String(HomeMusicVideosButton11))]</label>
			<onclick>InstallAddon($INFO[Skin.String(HomeMusicVideosButton11)])</onclick>
			<onclick>RunAddon($INFO[Skin.String(HomeMusicVideosButton11)])</onclick>
			<thumb>$INFO[system.addonicon(Skin.String(HomeMusicVideosButton11))]</thumb>
			<icon>DefaultAddonsUpdates.png</icon>
			<visible>!String.IsEmpty(Skin.String(HomeMusicVideosButton11))</visible>
		</item>
		<item>
			<label>$INFO[system.addontitle(Skin.String(HomeMusicVideosButton12))]</label>
			<onclick>InstallAddon($INFO[Skin.String(HomeMusicVideosButton12)])</onclick>
			<onclick>RunAddon($INFO[Skin.String(HomeMusicVideosButton12)])</onclick>
			<thumb>$INFO[system.addonicon(Skin.String(HomeMusicVideosButton12))]</thumb>
			<icon>DefaultAddonsUpdates.png</icon>
			<visible>!String.IsEmpty(Skin.String(HomeMusicVideosButton12))</visible>
		</item>
		<item>
			<label>$INFO[system.addontitle(Skin.String(HomeMusicVideosButton13))]</label>
			<onclick>InstallAddon($INFO[Skin.String(HomeMusicVideosButton13)])</onclick>
			<onclick>RunAddon($INFO[Skin.String(HomeMusicVideosButton13)])</onclick>
			<thumb>$INFO[system.addonicon(Skin.String(HomeMusicVideosButton13))]</thumb>
			<icon>DefaultAddonsUpdates.png</icon>
			<visible>!String.IsEmpty(Skin.String(HomeMusicVideosButton13))</visible>
		</item>
		<item>
			<label>$INFO[system.addontitle(Skin.String(HomeMusicVideosButton14))]</label>
			<onclick>InstallAddon($INFO[Skin.String(HomeMusicVideosButton14)])</onclick>
			<onclick>RunAddon($INFO[Skin.String(HomeMusicVideosButton14)])</onclick>
			<thumb>$INFO[system.addonicon(Skin.String(HomeMusicVideosButton14))]</thumb>
			<icon>DefaultAddonsUpdates.png</icon>
			<visible>!String.IsEmpty(Skin.String(HomeMusicVideosButton14))</visible>
		</item>
		<item>
			<label>$INFO[system.addontitle(Skin.String(HomeMusicVideosButton15))]</label>
			<onclick>InstallAddon($INFO[Skin.String(HomeMusicVideosButton15)])</onclick>
			<onclick>RunAddon($INFO[Skin.String(HomeMusicVideosButton15)])</onclick>
			<thumb>$INFO[system.addonicon(Skin.String(HomeMusicVideosButton15))]</thumb>
			<icon>DefaultAddonsUpdates.png</icon>
			<visible>!String.IsEmpty(Skin.String(HomeMusicVideosButton15))</visible>
		</item>
		<item>
			<label>$INFO[system.addontitle(Skin.String(HomeMusicVideosButton16))]</label>
			<onclick>InstallAddon($INFO[Skin.String(HomeMusicVideosButton16)])</onclick>
			<onclick>RunAddon($INFO[Skin.String(HomeMusicVideosButton16)])</onclick>
			<thumb>$INFO[system.addonicon(Skin.String(HomeMusicVideosButton16))]</thumb>
			<icon>DefaultAddonsUpdates.png</icon>
			<visible>!String.IsEmpty(Skin.String(HomeMusicVideosButton16))</visible>
		</item>
		<item>
			<label>$INFO[system.addontitle(Skin.String(HomeMusicVideosButton17))]</label>
			<onclick>InstallAddon($INFO[Skin.String(HomeMusicVideosButton17)])</onclick>
			<onclick>RunAddon($INFO[Skin.String(HomeMusicVideosButton17)])</onclick>
			<thumb>$INFO[system.addonicon(Skin.String(HomeMusicVideosButton17))]</thumb>
			<icon>DefaultAddonsUpdates.png</icon>
			<visible>!String.IsEmpty(Skin.String(HomeMusicVideosButton17))</visible>
		</item>
		<item>
			<label>$INFO[system.addontitle(Skin.String(HomeMusicVideosButton18))]</label>
			<onclick>InstallAddon($INFO[Skin.String(HomeMusicVideosButton18)])</onclick>
			<onclick>RunAddon($INFO[Skin.String(HomeMusicVideosButton18)])</onclick>
			<thumb>$INFO[system.addonicon(Skin.String(HomeMusicVideosButton18))]</thumb>
			<icon>DefaultAddonsUpdates.png</icon>
			<visible>!String.IsEmpty(Skin.String(HomeMusicVideosButton18))</visible>
		</item>
		<item>
			<label>$INFO[system.addontitle(Skin.String(HomeMusicVideosButton19))]</label>
			<onclick>InstallAddon($INFO[Skin.String(HomeMusicVideosButton19)])</onclick>
			<onclick>RunAddon($INFO[Skin.String(HomeMusicVideosButton19)])</onclick>
			<thumb>$INFO[system.addonicon(Skin.String(HomeMusicVideosButton19))]</thumb>
			<icon>DefaultAddonsUpdates.png</icon>
			<visible>!String.IsEmpty(Skin.String(HomeMusicVideosButton19))</visible>
		</item>
		<item>
			<label>$INFO[system.addontitle(Skin.String(HomeMusicVideosButton20))]</label>
			<onclick>InstallAddon($INFO[Skin.String(HomeMusicVideosButton20)])</onclick>
			<onclick>RunAddon($INFO[Skin.String(HomeMusicVideosButton20)])</onclick>
			<thumb>$INFO[system.addonicon(Skin.String(HomeMusicVideosButton20))]</thumb>
			<icon>DefaultAddonsUpdates.png</icon>
			<visible>!String.IsEmpty(Skin.String(HomeMusicVideosButton20))</visible>
		</item>
	</include>
	<include name="HomeAddonItemsMusic">
		<item>
			<label>$INFO[system.addontitle(Skin.String(HomeMusicButton1))]</label>
			<onclick>InstallAddon($INFO[Skin.String(HomeMusicButton1)])</onclick>
			<onclick>RunAddon($INFO[Skin.String(HomeMusicButton1)])</onclick>
			<thumb>$INFO[system.addonicon(Skin.String(HomeMusicButton1))]</thumb>
			<icon>DefaultAddonsUpdates.png</icon>
			<visible>!String.IsEmpty(Skin.String(HomeMusicButton1))</visible>
		</item>
		<item>
			<label>$INFO[system.addontitle(Skin.String(HomeMusicButton2))]</label>
			<onclick>InstallAddon($INFO[Skin.String(HomeMusicButton2)])</onclick>
			<onclick>RunAddon($INFO[Skin.String(HomeMusicButton2)])</onclick>
			<thumb>$INFO[system.addonicon(Skin.String(HomeMusicButton2))]</thumb>
			<icon>DefaultAddonsUpdates.png</icon>
			<visible>!String.IsEmpty(Skin.String(HomeMusicButton2))</visible>
		</item>
		<item>
			<label>$INFO[system.addontitle(Skin.String(HomeMusicButton3))]</label>
			<onclick>InstallAddon($INFO[Skin.String(HomeMusicButton3)])</onclick>
			<onclick>RunAddon($INFO[Skin.String(HomeMusicButton3)])</onclick>
			<thumb>$INFO[system.addonicon(Skin.String(HomeMusicButton3))]</thumb>
			<icon>DefaultAddonsUpdates.png</icon>
			<visible>!String.IsEmpty(Skin.String(HomeMusicButton3))</visible>
		</item>
		<item>
			<label>$INFO[system.addontitle(Skin.String(HomeMusicButton4))]</label>
			<onclick>InstallAddon($INFO[Skin.String(HomeMusicButton4)])</onclick>
			<onclick>RunAddon($INFO[Skin.String(HomeMusicButton4)])</onclick>
			<thumb>$INFO[system.addonicon(Skin.String(HomeMusicButton4))]</thumb>
			<icon>DefaultAddonsUpdates.png</icon>
			<visible>!String.IsEmpty(Skin.String(HomeMusicButton4))</visible>
		</item>
		<item>
			<label>$INFO[system.addontitle(Skin.String(HomeMusicButton5))]</label>
			<onclick>InstallAddon($INFO[Skin.String(HomeMusicButton5)])</onclick>
			<onclick>RunAddon($INFO[Skin.String(HomeMusicButton5)])</onclick>
			<thumb>$INFO[system.addonicon(Skin.String(HomeMusicButton5))]</thumb>
			<icon>DefaultAddonsUpdates.png</icon>
			<visible>!String.IsEmpty(Skin.String(HomeMusicButton5))</visible>
		</item>
		<item>
			<label>$INFO[system.addontitle(Skin.String(HomeMusicButton6))]</label>
			<onclick>InstallAddon($INFO[Skin.String(HomeMusicButton6)])</onclick>
			<onclick>RunAddon($INFO[Skin.String(HomeMusicButton6)])</onclick>
			<thumb>$INFO[system.addonicon(Skin.String(HomeMusicButton6))]</thumb>
			<icon>DefaultAddonsUpdates.png</icon>
			<visible>!String.IsEmpty(Skin.String(HomeMusicButton6))</visible>
		</item>
		<item>
			<label>$INFO[system.addontitle(Skin.String(HomeMusicButton7))]</label>
			<onclick>InstallAddon($INFO[Skin.String(HomeMusicButton7)])</onclick>
			<onclick>RunAddon($INFO[Skin.String(HomeMusicButton7)])</onclick>
			<thumb>$INFO[system.addonicon(Skin.String(HomeMusicButton7))]</thumb>
			<icon>DefaultAddonsUpdates.png</icon>
			<visible>!String.IsEmpty(Skin.String(HomeMusicButton7))</visible>
		</item>
		<item>
			<label>$INFO[system.addontitle(Skin.String(HomeMusicButton8))]</label>
			<onclick>InstallAddon($INFO[Skin.String(HomeMusicButton8)])</onclick>
			<onclick>RunAddon($INFO[Skin.String(HomeMusicButton8)])</onclick>
			<thumb>$INFO[system.addonicon(Skin.String(HomeMusicButton8))]</thumb>
			<icon>DefaultAddonsUpdates.png</icon>
			<visible>!String.IsEmpty(Skin.String(HomeMusicButton8))</visible>
		</item>
		<item>
			<label>$INFO[system.addontitle(Skin.String(HomeMusicButton9))]</label>
			<onclick>InstallAddon($INFO[Skin.String(HomeMusicButton9)])</onclick>
			<onclick>RunAddon($INFO[Skin.String(HomeMusicButton9)])</onclick>
			<thumb>$INFO[system.addonicon(Skin.String(HomeMusicButton9))]</thumb>
			<icon>DefaultAddonsUpdates.png</icon>
			<visible>!String.IsEmpty(Skin.String(HomeMusicButton9))</visible>
		</item>
		<item>
			<label>$INFO[system.addontitle(Skin.String(HomeMusicButton10))]</label>
			<onclick>InstallAddon($INFO[Skin.String(HomeMusicButton10)])</onclick>
			<onclick>RunAddon($INFO[Skin.String(HomeMusicButton10)])</onclick>
			<thumb>$INFO[system.addonicon(Skin.String(HomeMusicButton10))]</thumb>
			<icon>DefaultAddonsUpdates.png</icon>
			<visible>!String.IsEmpty(Skin.String(HomeMusicButton10))</visible>
		</item>
		<item>
			<label>$INFO[system.addontitle(Skin.String(HomeMusicButton11))]</label>
			<onclick>InstallAddon($INFO[Skin.String(HomeMusicButton11)])</onclick>
			<onclick>RunAddon($INFO[Skin.String(HomeMusicButton11)])</onclick>
			<thumb>$INFO[system.addonicon(Skin.String(HomeMusicButton11))]</thumb>
			<icon>DefaultAddonsUpdates.png</icon>
			<visible>!String.IsEmpty(Skin.String(HomeMusicButton11))</visible>
		</item>
		<item>
			<label>$INFO[system.addontitle(Skin.String(HomeMusicButton12))]</label>
			<onclick>InstallAddon($INFO[Skin.String(HomeMusicButton12)])</onclick>
			<onclick>RunAddon($INFO[Skin.String(HomeMusicButton12)])</onclick>
			<thumb>$INFO[system.addonicon(Skin.String(HomeMusicButton12))]</thumb>
			<icon>DefaultAddonsUpdates.png</icon>
			<visible>!String.IsEmpty(Skin.String(HomeMusicButton12))</visible>
		</item>
		<item>
			<label>$INFO[system.addontitle(Skin.String(HomeMusicButton13))]</label>
			<onclick>InstallAddon($INFO[Skin.String(HomeMusicButton13)])</onclick>
			<onclick>RunAddon($INFO[Skin.String(HomeMusicButton13)])</onclick>
			<thumb>$INFO[system.addonicon(Skin.String(HomeMusicButton13))]</thumb>
			<icon>DefaultAddonsUpdates.png</icon>
			<visible>!String.IsEmpty(Skin.String(HomeMusicButton13))</visible>
		</item>
		<item>
			<label>$INFO[system.addontitle(Skin.String(HomeMusicButton14))]</label>
			<onclick>InstallAddon($INFO[Skin.String(HomeMusicButton14)])</onclick>
			<onclick>RunAddon($INFO[Skin.String(HomeMusicButton14)])</onclick>
			<thumb>$INFO[system.addonicon(Skin.String(HomeMusicButton14))]</thumb>
			<icon>DefaultAddonsUpdates.png</icon>
			<visible>!String.IsEmpty(Skin.String(HomeMusicButton14))</visible>
		</item>
		<item>
			<label>$INFO[system.addontitle(Skin.String(HomeMusicButton15))]</label>
			<onclick>InstallAddon($INFO[Skin.String(HomeMusicButton15)])</onclick>
			<onclick>RunAddon($INFO[Skin.String(HomeMusicButton15)])</onclick>
			<thumb>$INFO[system.addonicon(Skin.String(HomeMusicButton15))]</thumb>
			<icon>DefaultAddonsUpdates.png</icon>
			<visible>!String.IsEmpty(Skin.String(HomeMusicButton15))</visible>
		</item>
		<item>
			<label>$INFO[system.addontitle(Skin.String(HomeMusicButton16))]</label>
			<onclick>InstallAddon($INFO[Skin.String(HomeMusicButton16)])</onclick>
			<onclick>RunAddon($INFO[Skin.String(HomeMusicButton16)])</onclick>
			<thumb>$INFO[system.addonicon(Skin.String(HomeMusicButton16))]</thumb>
			<icon>DefaultAddonsUpdates.png</icon>
			<visible>!String.IsEmpty(Skin.String(HomeMusicButton16))</visible>
		</item>
		<item>
			<label>$INFO[system.addontitle(Skin.String(HomeMusicButton17))]</label>
			<onclick>InstallAddon($INFO[Skin.String(HomeMusicButton17)])</onclick>
			<onclick>RunAddon($INFO[Skin.String(HomeMusicButton17)])</onclick>
			<thumb>$INFO[system.addonicon(Skin.String(HomeMusicButton17))]</thumb>
			<icon>DefaultAddonsUpdates.png</icon>
			<visible>!String.IsEmpty(Skin.String(HomeMusicButton17))</visible>
		</item>
		<item>
			<label>$INFO[system.addontitle(Skin.String(HomeMusicButton18))]</label>
			<onclick>InstallAddon($INFO[Skin.String(HomeMusicButton18)])</onclick>
			<onclick>RunAddon($INFO[Skin.String(HomeMusicButton18)])</onclick>
			<thumb>$INFO[system.addonicon(Skin.String(HomeMusicButton18))]</thumb>
			<icon>DefaultAddonsUpdates.png</icon>
			<visible>!String.IsEmpty(Skin.String(HomeMusicButton18))</visible>
		</item>
		<item>
			<label>$INFO[system.addontitle(Skin.String(HomeMusicButton19))]</label>
			<onclick>InstallAddon($INFO[Skin.String(HomeMusicButton19)])</onclick>
			<onclick>RunAddon($INFO[Skin.String(HomeMusicButton19)])</onclick>
			<thumb>$INFO[system.addonicon(Skin.String(HomeMusicButton19))]</thumb>
			<icon>DefaultAddonsUpdates.png</icon>
			<visible>!String.IsEmpty(Skin.String(HomeMusicButton19))</visible>
		</item>
		<item>
			<label>$INFO[system.addontitle(Skin.String(HomeMusicButton20))]</label>
			<onclick>InstallAddon($INFO[Skin.String(HomeMusicButton20)])</onclick>
			<onclick>RunAddon($INFO[Skin.String(HomeMusicButton20)])</onclick>
			<thumb>$INFO[system.addonicon(Skin.String(HomeMusicButton20))]</thumb>
			<icon>DefaultAddonsUpdates.png</icon>
			<visible>!String.IsEmpty(Skin.String(HomeMusicButton20))</visible>
		</item>
	</include>
	<include name="HomeAddonItemsPrograms">
		<item>
			<label>$INFO[system.addontitle(Skin.String(HomeProgramButton1))]</label>
			<onclick>RunAddon($INFO[Skin.String(HomeProgramButton1)])</onclick>
			<icon>$INFO[system.addonicon(Skin.String(HomeProgramButton1))]</icon>
			<thumb/>
			<visible>!String.IsEmpty(Skin.String(HomeProgramButton1))</visible>
		</item>
		<item>
			<label>$INFO[system.addontitle(Skin.String(HomeProgramButton2))]</label>
			<onclick>RunAddon($INFO[Skin.String(HomeProgramButton2)])</onclick>
			<icon>$INFO[system.addonicon(Skin.String(HomeProgramButton2))]</icon>
			<thumb/>
			<visible>!String.IsEmpty(Skin.String(HomeProgramButton2))</visible>
		</item>
		<item>
			<label>$INFO[system.addontitle(Skin.String(HomeProgramButton3))]</label>
			<onclick>RunAddon($INFO[Skin.String(HomeProgramButton3)])</onclick>
			<icon>$INFO[system.addonicon(Skin.String(HomeProgramButton3))]</icon>
			<thumb/>
			<visible>!String.IsEmpty(Skin.String(HomeProgramButton3))</visible>
		</item>
		<item>
			<label>$INFO[system.addontitle(Skin.String(HomeProgramButton4))]</label>
			<onclick>RunAddon($INFO[Skin.String(HomeProgramButton4)])</onclick>
			<icon>$INFO[system.addonicon(Skin.String(HomeProgramButton4))]</icon>
			<thumb/>
			<visible>!String.IsEmpty(Skin.String(HomeProgramButton4))</visible>
		</item>
		<item>
			<label>$INFO[system.addontitle(Skin.String(HomeProgramButton5))]</label>
			<onclick>RunAddon($INFO[Skin.String(HomeProgramButton5)])</onclick>
			<icon>$INFO[system.addonicon(Skin.String(HomeProgramButton5))]</icon>
			<thumb/>
			<visible>!String.IsEmpty(Skin.String(HomeProgramButton5))</visible>
		</item>
	</include>
</includes>
