﻿<?xml version="1.0" encoding="UTF-8" standalone="yes"?>
<addon id="plugin.audio.evropa2" version="1.3.0" name="Evropa 2" provider-name="Sároš">
    <requires>
        <import addon="xbmc.python" version="3.0.0"/>
    </requires>
	   <extension point="xbmc.python.pluginsource" library="default.py">
        <provides>audio</provides>
    </extension>
	   <extension point="xbmc.addon.metadata">
        <language></language>
        <platform>all</platform>
        <assets>
            <icon>icon.png</icon>
            <fanart>fanart.jpg</fanart>
        </assets>
        <news>v1.3.0 (17.12.2022)
- Nexus - oprava chyb

v1.2.0 (08.12.2021)
- drobná vylepšení

v1.1.0 (18.12.2020)
- přehrávání v nativním přehrávači včetně metadat

v1.0.0 (8.12.2020)
- první vydání
        </news>
    </extension>
</addon>
