<?xml version="1.0" encoding="UTF-8" standalone="yes"?>
<addon id="plugin.image.ws-private-media" name="Webshare Private Media" version="0.7.0" provider-name="Sároš">
    <requires>
        <import addon="xbmc.python" version="3.0.0"/>
        <import addon="script.module.requests"/>
    </requires>
    <extension point="xbmc.python.pluginsource" library="main.py">
        <provides>image audio</provides>
    </extension>
    <extension point="xbmc.service" library="service.py" start="login"/>
    <extension point="xbmc.addon.metadata">
        <assets>
            <icon>icon.jpg</icon>
        </assets>
    </extension>
</addon>
