<window>
    <defaultcontrol>100</defaultcontrol>
    <coordinates>
        <system>1</system>
        <posx>0</posx>
        <posy>0</posy>
    </coordinates>
    <animation effect="fade" time="3000">WindowOpen</animation>
    <animation effect="fade" time="700">WindowClose</animation>
    <controls>
        <control type="group">
            <posx>290</posx>
            <posy>50</posy>
            <control type="image">
                <posx>0</posx>
                <posy>0</posy>
                <width>700</width>
                <height>600</height>
                <texture border="40">bg2.png</texture>
            </control>
            <control type="image" id="303">
                <description>Log</description>
                <posx>200</posx>
                <posy>134</posy>
                <width>300</width>
                <height>300</height>
                <texture border="40">logo.png</texture>
			            <visible>true</visible>
            </control>
            <control type="image" id="304">
                <description>Album</description>
                <posx>200</posx>
                <posy>134</posy>
                <width>300</width>
                <height>300</height>
            </control>
            <control type="image" id="305">
            <description>Cover</description>
                <posx>200</posx>
                <posy>134</posy>
                <width>300</width>
                <height>300</height>
            </control>
            <control type="label" id="101">
                <description>Title</description>
                <posx>0</posx>
                <posy>34</posy>
                <width>700</width>
                <height>40</height>
                <font>font24_title</font>
                <textcolor>blue</textcolor>
                <aligny>center</aligny>
                <align>center</align>
                <wrapmultiline>true</wrapmultiline>
            </control>
            <control type="label" id="102">
                <description>Artist</description>
                <posx>0</posx>
                <posy>70</posy>
                <width>700</width>
                <height>40</height>
                <font>font12</font>
                <textcolor>grey</textcolor>
                <aligny>center</aligny>
                <align>center</align>
                <wrapmultiline>true</wrapmultiline>
            </control>
            <control type="label" id="103">
                <description>showName</description>
                <posx>0</posx>
                <posy>465</posy>
                <width>700</width>
                <height>40</height>
                <font>font13_title</font>
                <textcolor>white</textcolor>
                <aligny>center</aligny>
                <align>center</align>
                <wrapmultiline>true</wrapmultiline>
            </control>
            <control type="label" id="104">
                <description>moderator</description>
                <posx>0</posx>
                <posy>502</posy>
                <width>700</width>
                <height>40</height>
                <font>font13</font>
                <textcolor>grey</textcolor>
                <aligny>center</aligny>
                <align>center</align>
                <wrapmultiline>true</wrapmultiline>
            </control>
        </control>
    </controls>
</window>
