<?xml version="1.0" encoding="UTF-8" standalone="yes"?>
<addon id="context.chromecast" name="Chromecast" version="0.1.2" provider-name="Sároš">
    <requires>
        <import addon="xbmc.python" version="3.0.0" />
        <import addon="script.module.pychromecast" />
        <import addon="script.module.requests" />
    </requires>
    <extension point="kodi.context.item">
        <menu id="kodi.core.main">
            <item library="default.py">
                <label>Chromecast</label>
                <visible>String.IsEqual(ListItem.dbtype,episode)|String.IsEqual(ListItem.dbtype,movie)|Container.Content(movies)|Container.Content(episodes)|Container.Content(videos)|Window.isActive(pvrosdchannels)|Window.isActive(tvchannels)|Window.IsVisible(tvguide)|Window.IsVisible(tvsearch)|Window.IsVisible(pvrosdguide)</visible>
            </item>
        </menu>
    </extension>
    <extension point="xbmc.addon.metadata">
        <summary lang="en">Kodi Addon to talk to Google Chromecast</summary>
        <platform>all</platform>
        <assets>
            <icon>icon.png</icon>
        </assets>
    </extension>
</addon>
