<?xml version="1.0" encoding="UTF-8" standalone="yes"?>
<addon id="script.tv.channel.switch" name="TV Channel Switch" version="0.1.0" provider-name="Sároš">
	<requires>
		<import addon="xbmc.python" version="3.0.0"/>
	</requires>
	<extension point="xbmc.python.script" library="default.py"/>
	<extension point="xbmc.addon.metadata">
		<summary lang="cs_CZ">Přepni TV kanál</summary>
		<description lang="cs_CZ">Tento dopněk slouží k přepínání TV kanálů a je především vhodný pro zařízení s dálkovým ovladačem bez numerické klávesnice. Po vhodném namapování tlačítka dálkového ovladače a spuštění doplňku se vyvolá dialog pro zadání čísla nebo názvu kanálu. U zařízení s OS Android TV je možné zadávat i hlasem.</description>
		<assets>
			<icon>icon.jpg</icon>
		</assets>
	</extension>
</addon>